,0
0,T2
1,T2
2,T1
3,T2
4,T1
5,T1
6,T1
7,T1
8,T1
9,T1
10,T2
11,T1
12,T2
13,T2
14,T2
15,T2
16,T1
17,T1
18,T2
19,T2
20,T2
21,T1
22,T2
23,T2
24,T2
25,T1
26,T1
27,T1
28,T2
29,T2
30,T1
31,T1
32,T1
33,T2
34,T2
35,T2
36,T2
37,T1
38,T1
39,T2
40,T1
41,T2
42,T1
43,T1
44,T1
45,T2
46,T2
47,T2
48,T1
49,T1
50,T2
51,T2
52,T1
53,T2
54,T1
55,T2
56,T2
57,T2
58,T1
59,T1
60,T2
61,T1
62,T1
63,T1
64,T1
65,T1
66,T1
67,T2
68,T2
69,T2
70,T1
71,T2
72,T1
73,T1
74,T1
75,T1
76,T2
77,T1
78,T1
79,T2
80,T1
81,T2
82,T2
83,T1
84,T1
85,T1
86,T2
87,T1
88,T1
89,T2
90,T1
91,T2
92,T2
93,T1
94,T2
95,T1
96,T1
97,T2
98,T1
99,T2
100,T1
101,T2
102,T1
103,T2
104,T1
105,T2
106,T1
107,T1
108,T1
109,T2
110,T1
111,T2
112,T2
113,T2
114,T1
115,T2
116,T2
117,T1
118,T2
119,T1
120,T2
121,T1
122,T2
123,T1
124,T2
125,T1
126,T1
127,T1
128,T1
129,T2
130,T2
131,T2
132,T1
133,T2
134,T2
135,T1
136,T2
137,T2
138,T2
139,T2
140,T1
141,T1
142,T2
143,T2
144,T1
145,T1
146,T2
147,T1
148,T2
149,T1
150,T1
151,T2
152,T2
153,T2
154,T2
155,T2
156,T1
157,T1
158,T2
159,T2
160,T1
161,T2
162,T1
163,T2
164,T1
165,T1
166,T1
167,T1
168,T2
169,T2
170,T2
171,T2
172,T1
173,T1
174,T1
175,T1
176,T1
177,T2
178,T1
179,T1
180,T1
181,T1
182,T1
183,T2
184,T2
185,T2
186,T2
187,T2
188,T2
189,T2
190,T1
191,T1
192,T1
193,T2
194,T1
195,T2
196,T2
197,T2
198,T1
199,T1
200,T1
201,T1
202,T1
203,T1
204,T1
205,T1
206,T1
207,T1
208,T2
209,T1
210,T1
211,T2
212,T2
213,T2
214,T1
215,T1
216,T2
217,T2
218,T2
219,T1
220,T2
221,T1
222,T1
223,T1
224,T1
225,T2
226,T2
227,T1
228,T2
229,T1
230,T1
231,T1
232,T1
233,T1
234,T2
235,T2
236,T2
237,T2
238,T2
239,T2
240,T1
241,T1
242,T1
243,T2
244,T1
245,T2
246,T1
247,T2
248,T1
249,T1
250,T1
251,T2
252,T1
253,T1
254,T1
255,T1
256,T1
257,T2
258,T2
259,T2
260,T2
261,T2
262,T2
263,T2
264,T1
265,T1
266,T2
267,T1
268,T1
269,T1
270,T2
271,T1
272,T2
273,T1
274,T1
275,T2
276,T2
277,T2
278,T1
279,T2
280,T2
281,T1
282,T1
283,T2
284,T2
285,T1
286,T2
287,T2
288,T2
289,T1
290,T2
291,T2
292,T1
293,T1
294,T2
295,T2
296,T2
297,T2
298,T1
299,T1
300,T2
301,T2
302,T2
303,T2
304,T2
305,T1
306,T1
307,T2
308,T1
309,T2
310,T1
311,T2
312,T2
313,T2
314,T2
315,T2
316,T2
317,T1
318,T2
319,T1
320,T2
321,T1
322,T2
323,T1
324,T1
325,T1
326,T1
327,T1
328,T2
329,T2
330,T2
331,T1
332,T2
333,T1
334,T1
335,T2
336,T1
337,T2
338,T1
339,T2
340,T2
341,T2
342,T2
343,T2
344,T1
345,T1
346,T1
347,T1
348,T1
349,T1
350,T1
351,T2
352,T1
353,T1
354,T2
355,T1
356,T2
357,T2
358,T1
359,T2
360,T2
361,T2
362,T2
363,T1
364,T2
365,T1
366,T2
367,T2
368,T1
369,T2
370,T2
371,T1
372,T2
373,T2
374,T2
375,T1
376,T2
377,T1
378,T1
379,T1
380,T2
381,T2
382,T1
383,T2
384,T2
385,T1
386,T2
387,T1
388,T1
389,T2
390,T1
391,T1
392,T1
393,T2
394,T1
395,T2
396,T1
397,T2
398,T1
399,T1
400,T1
401,T2
402,T2
403,T1
404,T2
405,T1
406,T1
407,T2
408,T1
409,T1
410,T2
411,T1
412,T2
413,T2
414,T1
415,T2
416,T2
417,T1
418,T2
419,T1
420,T2
421,T2
422,T1
423,T1
424,T2
425,T2
426,T2
427,T2
428,T1
429,T2
430,T1
431,T1
432,T1
433,T2
434,T1
435,T1
436,T2
437,T2
438,T2
439,T1
440,T1
441,T1
442,T2
443,T1
444,T1
445,T1
446,T2
447,T2
448,T1
449,T2
450,T1
451,T1
452,T2
453,T2
454,T2
455,T1
456,T1
457,T1
458,T2
459,T2
460,T2
461,T1
462,T1
463,T2
464,T1
465,T1
466,T1
467,T2
468,T2
469,T2
470,T1
471,T2
472,T1
473,T2
474,T2
475,T1
476,T2
477,T1
478,T2
479,T1
480,T2
481,T1
482,T2
483,T1
484,T1
485,T2
486,T2
487,T1
488,T2
489,T2
490,T2
491,T2
492,T2
493,T1
494,T2
495,T1
496,T1
497,T2
498,T2
499,T2
500,T1
501,T1
502,T2
503,T1
504,T2
505,T2
506,T2
507,T1
508,T1
509,T2
510,T1
511,T1
512,T1
513,T2
514,T2
515,T1
516,T2
517,T2
518,T2
519,T2
520,T2
521,T2
522,T1
523,T1
524,T1
525,T1
526,T2
527,T2
528,T1
529,T2
530,T2
531,T2
532,T1
533,T2
534,T2
535,T1
536,T2
537,T1
538,T1
539,T1
540,T2
541,T1
542,T1
543,T2
544,T2
545,T2
546,T2
547,T2
548,T2
549,T2
550,T2
551,T1
552,T1
553,T2
554,T1
555,T2
556,T1
557,T1
558,T2
559,T1
560,T1
561,T2
562,T1
563,T2
564,T2
565,T1
566,T2
567,T2
568,T1
569,T2
570,T2
571,T2
572,T2
573,T1
574,T1
575,T2
576,T2
577,T1
578,T1
579,T1
580,T2
581,T2
582,T1
583,T2
584,T1
585,T1
586,T1
587,T2
588,T1
589,T1
590,T1
591,T1
592,T2
593,T2
594,T2
595,T1
596,T1
597,T1
598,T2
599,T1
600,T1
601,T2
602,T1
603,T2
604,T2
605,T1
606,T1
607,T1
608,T1
609,T1
610,T2
611,T1
612,T1
613,T1
614,T1
615,T1
616,T1
617,T1
618,T2
619,T2
620,T2
621,T1
622,T2
623,T1
624,T1
625,T2
626,T1
627,T2
628,T1
629,T1
630,T1
631,T2
632,T1
633,T1
634,T2
635,T1
636,T2
637,T1
638,T2
639,T1
640,T2
641,T1
642,T1
643,T2
644,T1
645,T1
646,T2
647,T2
648,T1
649,T1
650,T1
651,T1
652,T1
653,T2
654,T2
655,T1
656,T1
657,T2
658,T1
659,T1
660,T1
661,T2
662,T2
663,T2
664,T2
665,T2
666,T1
667,T2
668,T1
669,T1
670,T1
671,T2
672,T2
673,T1
674,T1
675,T2
676,T2
677,T2
678,T2
679,T1
680,T2
681,T1
682,T2
683,T1
684,T2
685,T1
686,T2
687,T1
688,T2
689,T1
690,T1
691,T2
692,T1
693,T1
694,T1
695,T2
696,T1
697,T1
698,T2
699,T1
700,T1
701,T1
702,T2
703,T2
704,T1
705,T2
706,T2
707,T2
708,T1
709,T2
710,T2
711,T2
712,T2
713,T2
714,T2
715,T2
716,T2
717,T2
718,T2
719,T2
720,T1
721,T2
722,T1
723,T1
724,T2
725,T2
726,T1
727,T2
728,T1
729,T1
730,T2
731,T2
732,T2
733,T2
734,T1
735,T2
736,T1
737,T1
738,T2
739,T1
740,T2
741,T2
742,T2
743,T1
744,T1
745,T2
746,T1
747,T2
748,T2
749,T2
750,T1
751,T1
752,T1
753,T2
754,T2
755,T1
756,T1
757,T1
758,T1
759,T2
760,T2
761,T1
762,T1
763,T1
764,T2
765,T2
766,T2
767,T2
768,T1
769,T1
770,T1
771,T2
772,T2
773,T2
774,T1
775,T2
776,T2
777,T1
778,T1
779,T2
780,T2
781,T2
782,T2
783,T1
784,T1
785,T1
786,T1
787,T2
788,T2
789,T1
790,T2
791,T1
792,T2
793,T1
794,T2
795,T2
796,T1
797,T1
798,T2
799,T2
800,T2
801,T1
802,T2
803,T1
804,T2
805,T1
806,T1
807,T1
808,T2
809,T1
810,T1
811,T1
812,T1
813,T2
814,T2
815,T2
816,T1
817,T1
818,T1
819,T1
820,T2
821,T2
822,T2
823,T2
824,T1
825,T1
826,T1
827,T2
828,T1
829,T2
830,T2
831,T2
832,T2
833,T1
834,T2
835,T1
836,T2
837,T2
838,T2
839,T2
840,T1
841,T2
842,T1
843,T1
844,T2
845,T1
846,T1
847,T2
848,T1
849,T1
850,T2
851,T1
852,T1
853,T1
854,T2
855,T2
856,T1
857,T1
858,T2
859,T2
860,T1
861,T1
862,T1
863,T2
864,T1
865,T1
866,T2
867,T2
868,T1
869,T1
870,T1
871,T2
872,T1
873,T2
874,T2
875,T2
876,T2
877,T2
878,T2
879,T2
880,T1
881,T1
882,T1
883,T1
884,T2
885,T2
886,T1
887,T1
888,T1
889,T1
890,T1
891,T2
892,T1
893,T1
894,T1
895,T1
896,T1
897,T1
898,T2
899,T1
900,T1
901,T2
902,T1
903,T1
904,T1
905,T2
906,T1
907,T2
908,T1
909,T1
910,T1
911,T1
912,T2
913,T2
914,T2
915,T1
916,T1
917,T1
918,T1
919,T2
920,T1
921,T2
922,T2
923,T2
924,T1
925,T1
926,T2
927,T1
928,T1
929,T1
930,T1
931,T2
932,T2
933,T1
934,T2
935,T1
936,T1
937,T1
938,T2
939,T2
940,T1
941,T1
942,T1
943,T1
944,T2
945,T2
946,T1
947,T2
948,T1
949,T2
950,T1
951,T1
952,T2
953,T1
954,T1
955,T1
956,T2
957,T1
958,T1
959,T2
960,T2
961,T1
962,T2
963,T2
964,T2
965,T1
966,T2
967,T2
968,T1
969,T1
970,T1
971,T2
972,T2
973,T1
974,T1
975,T1
976,T2
977,T2
978,T1
979,T1
980,T2
981,T2
982,T1
983,T2
984,T2
985,T1
986,T2
987,T2
988,T2
989,T1
990,T1
991,T2
992,T1
993,T1
994,T1
995,T1
996,T1
997,T1
998,T1
999,T2
1000,T2
1001,T2
1002,T1
1003,T1
1004,T1
1005,T2
1006,T2
1007,T1
1008,T1
1009,T2
1010,T1
1011,T1
1012,T2
1013,T1
1014,T1
1015,T1
1016,T2
1017,T1
1018,T2
1019,T1
1020,T2
1021,T2
1022,T2
1023,T1
1024,T1
1025,T1
1026,T1
1027,T1
1028,T2
1029,T2
1030,T2
1031,T1
1032,T1
1033,T2
1034,T2
1035,T2
1036,T1
1037,T1
1038,T1
1039,T1
1040,T1
1041,T1
1042,T1
1043,T1
1044,T1
1045,T1
1046,T2
1047,T2
1048,T2
1049,T1
1050,T1
1051,T2
1052,T2
1053,T1
1054,T1
1055,T2
1056,T1
1057,T2
1058,T2
1059,T2
1060,T2
1061,T1
1062,T1
1063,T1
1064,T2
1065,T2
1066,T1
1067,T2
1068,T2
1069,T2
1070,T2
1071,T2
1072,T1
1073,T2
1074,T1
1075,T2
1076,T2
1077,T1
1078,T2
1079,T2
1080,T1
1081,T1
1082,T1
1083,T2
1084,T2
1085,T1
1086,T2
1087,T2
1088,T2
1089,T1
1090,T2
1091,T2
1092,T2
1093,T1
1094,T2
1095,T1
1096,T2
1097,T1
1098,T2
1099,T2
1100,T2
1101,T2
1102,T2
1103,T2
1104,T1
1105,T1
1106,T1
1107,T2
1108,T1
1109,T2
1110,T2
1111,T2
1112,T2
1113,T1
1114,T2
1115,T2
1116,T2
1117,T1
1118,T1
1119,T1
1120,T1
1121,T2
1122,T1
1123,T2
1124,T1
1125,T2
1126,T2
1127,T1
1128,T2
1129,T1
1130,T1
1131,T2
1132,T2
1133,T2
1134,T1
1135,T2
1136,T1
1137,T2
1138,T2
1139,T1
1140,T2
1141,T1
1142,T2
1143,T2
1144,T2
1145,T2
1146,T1
1147,T2
1148,T2
1149,T2
1150,T2
1151,T2
1152,T2
1153,T2
1154,T1
1155,T1
1156,T1
1157,T1
1158,T1
1159,T1
1160,T1
1161,T2
1162,T1
1163,T1
1164,T1
1165,T1
1166,T2
1167,T2
1168,T2
1169,T1
1170,T2
1171,T2
1172,T1
1173,T2
1174,T2
1175,T2
1176,T1
1177,T1
1178,T1
1179,T2
1180,T1
1181,T1
1182,T1
1183,T2
1184,T2
1185,T2
1186,T2
1187,T1
1188,T1
1189,T1
1190,T2
1191,T2
1192,T2
1193,T1
1194,T1
1195,T2
1196,T2
1197,T1
1198,T2
1199,T2
1200,T1
1201,T1
1202,T1
1203,T2
1204,T2
1205,T2
1206,T2
1207,T2
1208,T1
1209,T2
1210,T1
1211,T2
1212,T2
1213,T1
1214,T2
1215,T2
1216,T1
1217,T1
1218,T2
1219,T2
1220,T1
1221,T2
1222,T1
1223,T1
1224,T1
1225,T2
1226,T1
1227,T1
1228,T1
1229,T1
1230,T2
1231,T1
1232,T1
1233,T1
1234,T2
1235,T1
1236,T2
1237,T1
1238,T1
1239,T1
1240,T2
1241,T2
1242,T1
1243,T2
1244,T2
1245,T1
1246,T2
1247,T1
1248,T1
1249,T1
1250,T2
1251,T1
1252,T2
1253,T1
1254,T2
1255,T1
1256,T1
1257,T2
1258,T2
1259,T1
1260,T2
1261,T1
1262,T2
1263,T2
1264,T2
1265,T2
1266,T1
1267,T1
1268,T1
1269,T2
1270,T2
1271,T2
1272,T2
1273,T1
1274,T2
1275,T2
1276,T1
1277,T2
1278,T1
1279,T2
1280,T2
1281,T2
1282,T2
1283,T1
1284,T1
1285,T2
1286,T2
1287,T2
1288,T2
1289,T1
1290,T2
1291,T2
1292,T1
1293,T1
1294,T2
1295,T1
1296,T2
1297,T1
1298,T1
1299,T1
1300,T1
1301,T2
1302,T1
1303,T1
1304,T2
1305,T1
1306,T1
1307,T1
1308,T1
1309,T2
1310,T1
1311,T2
1312,T2
1313,T2
1314,T1
1315,T1
1316,T1
1317,T1
1318,T1
1319,T2
1320,T1
1321,T2
1322,T1
1323,T2
1324,T2
1325,T1
1326,T2
1327,T2
1328,T1
1329,T2
1330,T2
1331,T2
1332,T1
1333,T1
1334,T2
1335,T2
1336,T2
1337,T1
1338,T2
1339,T1
1340,T1
1341,T2
1342,T2
1343,T1
1344,T2
1345,T2
1346,T2
1347,T2
1348,T2
1349,T2
1350,T1
1351,T1
1352,T2
1353,T1
1354,T2
1355,T1
1356,T2
1357,T1
1358,T1
1359,T2
1360,T2
1361,T2
1362,T2
1363,T1
1364,T1
1365,T1
1366,T1
1367,T2
1368,T2
1369,T1
1370,T1
1371,T2
1372,T1
1373,T1
1374,T1
1375,T2
1376,T2
1377,T2
1378,T1
1379,T2
1380,T2
1381,T1
1382,T2
1383,T1
1384,T1
1385,T2
1386,T1
1387,T2
1388,T2
1389,T1
1390,T1
1391,T1
1392,T2
1393,T2
1394,T2
1395,T1
1396,T2
1397,T1
1398,T1
1399,T2
1400,T1
1401,T2
1402,T2
1403,T2
1404,T1
1405,T1
1406,T2
1407,T2
1408,T2
1409,T2
1410,T1
1411,T2
1412,T1
1413,T1
1414,T2
1415,T1
1416,T1
1417,T1
1418,T2
1419,T2
1420,T1
1421,T1
1422,T1
1423,T1
1424,T1
1425,T1
1426,T1
1427,T1
1428,T1
1429,T2
1430,T1
1431,T1
1432,T2
1433,T2
1434,T2
1435,T1
1436,T2
1437,T1
1438,T2
1439,T2
1440,T2
1441,T2
1442,T1
1443,T2
1444,T2
1445,T1
1446,T2
1447,T1
1448,T2
1449,T2
1450,T1
1451,T1
1452,T2
1453,T2
1454,T2
1455,T2
1456,T2
1457,T1
1458,T2
1459,T1
1460,T2
1461,T2
1462,T1
1463,T1
1464,T2
1465,T2
1466,T2
1467,T2
1468,T1
1469,T2
1470,T1
1471,T2
1472,T2
1473,T1
1474,T1
1475,T1
1476,T2
1477,T1
1478,T1
1479,T1
1480,T1
1481,T2
1482,T1
1483,T1
1484,T1
1485,T2
1486,T1
1487,T1
1488,T1
1489,T1
1490,T2
1491,T2
1492,T1
1493,T2
1494,T2
1495,T2
1496,T1
1497,T1
1498,T2
1499,T1
1500,T1
1501,T1
1502,T1
1503,T1
1504,T1
1505,T2
1506,T2
1507,T2
1508,T2
1509,T1
1510,T1
1511,T1
1512,T1
1513,T1
1514,T1
1515,T1
1516,T2
1517,T2
1518,T2
1519,T2
1520,T2
1521,T2
1522,T1
1523,T1
1524,T2
1525,T1
1526,T1
1527,T1
1528,T2
1529,T1
1530,T1
1531,T2
1532,T1
1533,T2
1534,T2
1535,T1
1536,T1
1537,T1
1538,T1
1539,T2
1540,T2
1541,T2
1542,T2
1543,T1
1544,T2
1545,T1
1546,T2
1547,T2
1548,T2
1549,T1
1550,T1
1551,T2
1552,T2
1553,T1
1554,T1
1555,T2
1556,T1
1557,T1
1558,T1
1559,T2
1560,T2
1561,T2
1562,T1
1563,T1
1564,T2
1565,T1
1566,T2
1567,T1
1568,T1
1569,T2
1570,T2
1571,T1
1572,T1
1573,T2
1574,T1
1575,T2
1576,T2
1577,T1
1578,T1
1579,T1
1580,T1
1581,T1
1582,T1
1583,T1
1584,T2
1585,T1
1586,T2
1587,T1
1588,T1
1589,T2
1590,T2
1591,T2
1592,T1
1593,T1
1594,T2
1595,T2
1596,T1
1597,T2
1598,T2
1599,T2
1600,T2
1601,T1
1602,T1
1603,T2
1604,T2
1605,T1
1606,T2
1607,T2
1608,T2
1609,T1
1610,T2
1611,T1
1612,T2
1613,T2
1614,T2
1615,T1
1616,T1
1617,T1
1618,T1
1619,T2
1620,T1
1621,T2
1622,T2
1623,T2
1624,T1
1625,T1
1626,T1
1627,T2
1628,T1
1629,T1
1630,T2
1631,T1
1632,T2
1633,T2
1634,T2
1635,T1
1636,T2
1637,T1
1638,T2
1639,T1
1640,T2
1641,T2
1642,T1
1643,T2
1644,T1
1645,T2
1646,T2
1647,T2
1648,T1
1649,T2
1650,T2
1651,T1
1652,T1
1653,T1
1654,T1
1655,T2
1656,T2
1657,T2
1658,T2
1659,T2
1660,T2
1661,T2
1662,T1
1663,T2
1664,T1
1665,T1
1666,T1
1667,T1
1668,T1
1669,T2
1670,T1
1671,T2
1672,T2
1673,T1
1674,T1
1675,T1
1676,T2
1677,T1
1678,T2
1679,T2
1680,T2
1681,T1
1682,T1
1683,T1
1684,T2
1685,T1
1686,T2
1687,T2
1688,T1
1689,T2
1690,T1
1691,T1
1692,T1
1693,T1
1694,T1
1695,T2
1696,T2
1697,T2
1698,T1
1699,T2
1700,T2
1701,T2
1702,T1
1703,T1
1704,T1
1705,T1
1706,T2
1707,T2
1708,T1
1709,T1
1710,T2
1711,T2
1712,T2
1713,T1
1714,T2
1715,T2
1716,T2
1717,T2
1718,T2
1719,T1
1720,T2
1721,T2
1722,T1
1723,T1
1724,T2
1725,T1
1726,T2
1727,T2
1728,T1
1729,T1
1730,T2
1731,T1
1732,T1
1733,T2
1734,T2
1735,T2
1736,T2
1737,T1
1738,T2
1739,T1
1740,T2
1741,T2
1742,T2
1743,T1
1744,T1
1745,T2
1746,T2
1747,T2
1748,T1
1749,T1
1750,T2
1751,T1
1752,T1
1753,T1
1754,T2
1755,T1
1756,T2
1757,T2
1758,T1
1759,T1
1760,T2
1761,T2
1762,T2
1763,T1
1764,T2
1765,T2
1766,T2
1767,T2
1768,T2
1769,T2
1770,T1
1771,T2
1772,T1
1773,T2
1774,T1
1775,T1
1776,T2
1777,T2
1778,T1
1779,T2
1780,T1
1781,T1
1782,T1
1783,T1
1784,T2
1785,T1
1786,T1
1787,T1
1788,T2
1789,T2
1790,T2
1791,T1
1792,T2
1793,T2
1794,T2
1795,T2
1796,T1
1797,T2
1798,T1
1799,T2
1800,T1
1801,T1
1802,T1
1803,T1
1804,T1
1805,T2
1806,T1
1807,T2
1808,T2
1809,T1
1810,T2
1811,T2
1812,T2
1813,T2
1814,T2
1815,T1
1816,T1
1817,T2
1818,T1
1819,T2
1820,T2
1821,T1
1822,T2
1823,T1
1824,T1
1825,T2
1826,T1
1827,T2
1828,T1
1829,T1
1830,T1
1831,T2
1832,T2
1833,T1
1834,T2
1835,T2
1836,T1
1837,T2
1838,T1
1839,T1
1840,T2
1841,T1
1842,T2
1843,T2
1844,T1
1845,T2
1846,T1
1847,T1
1848,T2
1849,T2
1850,T1
1851,T2
1852,T2
1853,T1
1854,T2
1855,T2
1856,T2
1857,T2
1858,T1
1859,T1
1860,T1
1861,T1
1862,T2
1863,T2
1864,T1
1865,T2
1866,T1
1867,T2
1868,T2
1869,T1
1870,T2
1871,T2
1872,T1
1873,T1
1874,T2
1875,T1
1876,T1
1877,T1
1878,T1
1879,T2
1880,T2
1881,T2
1882,T1
1883,T1
1884,T2
1885,T2
1886,T2
1887,T1
1888,T2
1889,T1
1890,T2
1891,T1
1892,T1
1893,T2
1894,T2
1895,T2
1896,T2
1897,T1
1898,T2
1899,T2
1900,T2
1901,T1
1902,T1
1903,T2
1904,T1
1905,T1
1906,T1
1907,T2
1908,T2
1909,T1
1910,T2
1911,T2
1912,T2
1913,T2
1914,T1
1915,T2
1916,T1
1917,T2
1918,T2
1919,T2
1920,T2
1921,T1
1922,T2
1923,T1
1924,T2
1925,T1
1926,T1
1927,T1
1928,T2
1929,T1
1930,T2
1931,T1
1932,T2
1933,T1
1934,T1
1935,T1
1936,T2
1937,T2
1938,T1
1939,T1
1940,T1
1941,T2
1942,T2
1943,T2
1944,T1
1945,T1
1946,T1
1947,T2
1948,T1
1949,T1
1950,T1
1951,T1
1952,T1
1953,T1
1954,T1
1955,T2
1956,T2
1957,T1
1958,T1
1959,T1
1960,T1
1961,T2
1962,T1
1963,T1
1964,T2
1965,T2
1966,T1
1967,T2
1968,T1
1969,T1
1970,T2
1971,T2
1972,T1
1973,T1
1974,T2
1975,T1
1976,T1
1977,T1
1978,T2
1979,T2
1980,T2
1981,T2
1982,T2
1983,T2
1984,T1
1985,T1
1986,T1
1987,T1
1988,T2
1989,T2
1990,T2
1991,T1
1992,T1
1993,T1
1994,T2
1995,T2
1996,T2
1997,T1
1998,T2
1999,T2
2000,T2
2001,T1
2002,T2
2003,T1
2004,T2
2005,T2
2006,T1
2007,T1
2008,T1
2009,T1
2010,T2
2011,T1
2012,T1
2013,T2
2014,T2
2015,T1
2016,T2
2017,T1
2018,T1
2019,T2
2020,T1
2021,T1
2022,T1
2023,T2
2024,T1
2025,T2
2026,T1
2027,T2
2028,T1
2029,T1
2030,T2
2031,T1
2032,T2
2033,T2
2034,T1
2035,T1
2036,T2
2037,T1
2038,T1
2039,T2
2040,T2
2041,T2
2042,T1
2043,T1
2044,T2
2045,T1
2046,T2
2047,T2
2048,T1
2049,T1
2050,T2
2051,T1
2052,T1
2053,T1
2054,T1
2055,T2
2056,T2
2057,T1
2058,T1
2059,T2
2060,T1
2061,T2
2062,T2
2063,T1
2064,T2
2065,T1
2066,T1
2067,T1
2068,T1
2069,T2
2070,T1
2071,T1
2072,T2
2073,T2
2074,T1
2075,T1
2076,T1
2077,T2
2078,T1
2079,T2
2080,T2
2081,T1
2082,T1
2083,T1
2084,T2
2085,T2
2086,T1
2087,T2
2088,T2
2089,T2
2090,T2
2091,T2
2092,T1
2093,T1
2094,T1
2095,T1
2096,T2
2097,T2
2098,T2
2099,T1
2100,T1
2101,T1
2102,T2
2103,T2
2104,T2
2105,T2
2106,T2
2107,T1
2108,T1
2109,T2
2110,T2
2111,T2
2112,T1
2113,T1
2114,T1
2115,T1
2116,T1
2117,T2
2118,T2
2119,T2
2120,T1
2121,T2
2122,T2
2123,T1
2124,T2
2125,T1
2126,T1
2127,T2
2128,T1
2129,T1
2130,T2
2131,T1
2132,T2
2133,T1
2134,T1
2135,T2
2136,T2
2137,T1
2138,T1
2139,T2
2140,T1
2141,T1
2142,T2
2143,T2
2144,T2
2145,T1
2146,T1
2147,T1
2148,T1
2149,T2
2150,T2
2151,T1
2152,T2
2153,T1
2154,T2
2155,T2
2156,T2
2157,T1
2158,T1
2159,T2
2160,T1
2161,T1
2162,T1
2163,T2
2164,T1
2165,T2
2166,T1
2167,T1
2168,T2
2169,T2
2170,T1
2171,T1
2172,T2
2173,T1
2174,T2
2175,T1
2176,T1
2177,T2
2178,T2
2179,T1
2180,T2
2181,T1
2182,T2
2183,T2
2184,T1
2185,T1
2186,T2
2187,T2
2188,T2
2189,T1
2190,T1
2191,T2
2192,T1
2193,T1
2194,T2
2195,T2
2196,T1
2197,T2
2198,T2
2199,T2
2200,T1
2201,T1
2202,T2
2203,T1
2204,T2
2205,T2
2206,T1
2207,T2
2208,T1
2209,T2
2210,T1
2211,T1
2212,T2
2213,T2
2214,T1
2215,T1
2216,T2
2217,T2
2218,T1
2219,T2
2220,T1
2221,T2
2222,T2
2223,T1
2224,T2
2225,T1
2226,T2
2227,T2
2228,T2
2229,T2
2230,T1
2231,T2
2232,T1
2233,T1
2234,T1
2235,T2
2236,T1
2237,T2
2238,T1
2239,T2
2240,T2
2241,T1
2242,T1
2243,T2
2244,T1
2245,T2
2246,T1
2247,T1
2248,T2
2249,T1
2250,T1
2251,T2
2252,T2
2253,T1
2254,T2
2255,T1
2256,T1
2257,T1
2258,T2
2259,T1
2260,T1
2261,T2
2262,T2
2263,T2
2264,T2
2265,T2
2266,T2
2267,T2
2268,T1
2269,T2
2270,T2
2271,T2
2272,T2
2273,T1
2274,T2
2275,T1
2276,T1
2277,T2
2278,T1
2279,T2
2280,T1
2281,T1
2282,T2
2283,T2
2284,T2
2285,T1
2286,T1
2287,T2
2288,T1
2289,T2
2290,T2
2291,T2
2292,T2
2293,T1
2294,T1
2295,T2
2296,T2
2297,T2
2298,T2
2299,T2
2300,T2
2301,T1
2302,T1
2303,T1
2304,T1
2305,T1
2306,T1
2307,T1
2308,T2
2309,T2
2310,T2
2311,T2
2312,T2
2313,T1
2314,T1
2315,T2
2316,T2
2317,T2
2318,T2
2319,T1
2320,T2
2321,T2
2322,T2
2323,T2
2324,T1
2325,T2
2326,T1
2327,T2
2328,T1
2329,T2
2330,T1
2331,T2
2332,T1
2333,T1
2334,T2
2335,T2
2336,T2
2337,T1
2338,T2
2339,T2
2340,T2
2341,T2
2342,T1
2343,T2
2344,T2
2345,T2
2346,T2
2347,T1
2348,T2
2349,T1
2350,T2
2351,T2
2352,T1
2353,T2
2354,T2
2355,T2
2356,T2
2357,T1
2358,T2
2359,T1
2360,T1
2361,T2
2362,T2
2363,T2
2364,T1
2365,T1
2366,T1
2367,T1
2368,T2
2369,T2
2370,T1
2371,T2
2372,T1
2373,T2
2374,T1
2375,T2
2376,T1
2377,T1
2378,T1
2379,T1
2380,T1
2381,T2
2382,T1
2383,T2
2384,T2
2385,T2
2386,T2
2387,T2
2388,T2
2389,T1
2390,T1
2391,T2
2392,T2
2393,T1
2394,T2
2395,T2
2396,T1
2397,T2
2398,T1
2399,T1
2400,T1
2401,T1
2402,T2
2403,T2
2404,T1
2405,T2
2406,T1
2407,T2
2408,T2
2409,T2
2410,T2
2411,T2
2412,T1
2413,T2
2414,T1
2415,T2
2416,T1
2417,T1
2418,T1
2419,T1
2420,T1
2421,T2
2422,T2
2423,T2
2424,T2
2425,T1
2426,T2
2427,T1
2428,T2
2429,T2
2430,T1
2431,T1
2432,T1
2433,T2
2434,T2
2435,T2
2436,T2
2437,T1
2438,T1
2439,T2
2440,T1
2441,T1
2442,T2
2443,T1
2444,T1
2445,T1
2446,T2
2447,T2
2448,T1
2449,T1
2450,T1
2451,T2
2452,T2
2453,T1
2454,T2
2455,T1
2456,T2
2457,T1
2458,T2
2459,T1
2460,T2
2461,T1
2462,T1
2463,T2
2464,T2
2465,T2
2466,T1
2467,T2
2468,T1
2469,T1
2470,T1
2471,T1
2472,T1
2473,T1
2474,T2
2475,T2
2476,T1
2477,T2
2478,T1
2479,T2
2480,T1
2481,T1
2482,T2
2483,T1
2484,T2
2485,T2
2486,T1
2487,T2
2488,T1
2489,T1
2490,T2
2491,T1
2492,T2
2493,T2
2494,T2
2495,T1
2496,T1
2497,T2
2498,T2
2499,T1
2500,T1
2501,T1
2502,T1
2503,T2
2504,T2
2505,T2
2506,T1
2507,T2
2508,T2
2509,T2
2510,T1
2511,T1
2512,T1
2513,T2
2514,T2
2515,T2
2516,T2
2517,T2
2518,T1
2519,T1
2520,T1
2521,T2
2522,T2
2523,T1
2524,T1
2525,T2
2526,T2
2527,T1
2528,T1
2529,T1
2530,T1
2531,T2
2532,T1
2533,T2
2534,T1
2535,T2
2536,T1
2537,T2
2538,T1
2539,T2
2540,T1
2541,T1
2542,T1
2543,T1
2544,T1
2545,T2
2546,T1
2547,T1
2548,T2
2549,T2
2550,T2
2551,T1
2552,T2
2553,T2
2554,T1
2555,T2
2556,T2
2557,T1
2558,T1
2559,T1
2560,T2
2561,T2
2562,T1
2563,T2
2564,T1
2565,T2
2566,T2
2567,T1
2568,T2
2569,T1
2570,T1
2571,T1
2572,T2
2573,T2
2574,T2
2575,T1
2576,T1
2577,T1
2578,T2
2579,T1
2580,T2
2581,T2
2582,T1
2583,T2
2584,T2
2585,T1
2586,T1
2587,T1
2588,T2
2589,T2
2590,T1
2591,T1
2592,T1
2593,T2
2594,T1
2595,T2
2596,T1
2597,T2
2598,T2
2599,T1
2600,T1
2601,T2
2602,T1
2603,T2
2604,T1
2605,T1
2606,T1
2607,T1
2608,T2
2609,T1
2610,T2
2611,T2
2612,T1
2613,T2
2614,T1
2615,T2
2616,T1
2617,T1
2618,T1
2619,T1
2620,T1
2621,T2
2622,T1
2623,T2
2624,T2
2625,T2
2626,T2
2627,T1
2628,T1
2629,T1
2630,T2
2631,T2
2632,T2
2633,T2
2634,T2
2635,T2
2636,T1
2637,T1
2638,T2
2639,T1
2640,T2
2641,T1
2642,T2
2643,T1
2644,T2
2645,T1
2646,T1
2647,T2
2648,T2
2649,T1
2650,T1
2651,T2
2652,T2
2653,T2
2654,T2
2655,T1
2656,T1
2657,T1
2658,T2
2659,T1
2660,T2
2661,T2
2662,T1
2663,T2
2664,T1
2665,T1
2666,T1
2667,T2
2668,T1
2669,T1
2670,T2
2671,T1
2672,T2
2673,T2
2674,T1
2675,T2
2676,T2
2677,T1
2678,T2
2679,T1
2680,T2
2681,T1
2682,T2
2683,T1
2684,T1
2685,T1
2686,T2
2687,T1
2688,T1
2689,T2
2690,T1
2691,T2
2692,T2
2693,T1
2694,T1
2695,T1
2696,T1
2697,T1
2698,T2
2699,T1
2700,T2
2701,T1
2702,T2
2703,T1
2704,T2
2705,T1
2706,T1
2707,T2
2708,T1
2709,T2
2710,T2
2711,T2
2712,T2
2713,T1
2714,T2
2715,T2
2716,T2
2717,T2
2718,T1
2719,T2
2720,T2
2721,T2
2722,T1
2723,T1
2724,T2
2725,T2
2726,T1
2727,T2
2728,T1
2729,T2
2730,T2
2731,T2
2732,T2
2733,T1
2734,T1
2735,T2
2736,T1
2737,T2
2738,T1
2739,T1
2740,T1
2741,T2
2742,T1
2743,T1
2744,T1
2745,T2
2746,T1
2747,T2
2748,T1
2749,T2
2750,T1
2751,T2
2752,T1
2753,T1
2754,T2
2755,T1
2756,T1
2757,T2
2758,T2
2759,T1
2760,T2
2761,T1
2762,T2
2763,T2
2764,T1
2765,T1
2766,T2
2767,T1
2768,T1
2769,T1
2770,T1
2771,T1
2772,T1
2773,T1
2774,T2
2775,T1
2776,T1
2777,T2
2778,T2
2779,T2
2780,T2
2781,T1
2782,T2
2783,T1
2784,T2
2785,T2
2786,T2
2787,T1
2788,T1
2789,T2
2790,T2
2791,T2
2792,T2
2793,T1
2794,T1
2795,T1
2796,T2
2797,T2
2798,T2
2799,T1
2800,T1
2801,T2
2802,T2
2803,T2
2804,T2
2805,T1
2806,T1
2807,T1
2808,T2
2809,T2
2810,T1
2811,T2
2812,T2
2813,T1
2814,T1
2815,T2
2816,T1
2817,T1
2818,T1
2819,T1
2820,T2
2821,T1
2822,T1
2823,T1
2824,T2
2825,T1
2826,T1
2827,T2
2828,T2
2829,T1
2830,T1
2831,T1
2832,T1
2833,T2
2834,T1
2835,T2
2836,T1
2837,T2
2838,T2
2839,T1
2840,T2
2841,T2
2842,T1
2843,T1
2844,T1
2845,T1
2846,T1
2847,T2
2848,T2
2849,T1
2850,T2
2851,T1
2852,T1
2853,T2
2854,T1
2855,T1
2856,T2
2857,T2
2858,T1
2859,T1
2860,T2
2861,T2
2862,T1
2863,T1
2864,T2
2865,T1
2866,T2
2867,T1
2868,T2
2869,T2
2870,T1
2871,T1
2872,T1
2873,T1
2874,T2
2875,T1
2876,T1
2877,T1
2878,T2
2879,T1
2880,T1
2881,T1
2882,T1
2883,T2
2884,T2
2885,T1
2886,T1
2887,T2
2888,T2
2889,T1
2890,T2
2891,T1
2892,T2
2893,T1
2894,T1
2895,T2
2896,T2
2897,T2
2898,T2
2899,T1
2900,T2
2901,T2
2902,T1
2903,T2
2904,T1
2905,T2
2906,T1
2907,T2
2908,T2
2909,T1
2910,T1
2911,T2
2912,T2
2913,T2
2914,T2
2915,T1
2916,T1
2917,T1
2918,T1
2919,T1
2920,T2
2921,T2
2922,T2
2923,T2
2924,T2
2925,T1
2926,T2
2927,T2
2928,T2
2929,T2
2930,T2
2931,T1
2932,T2
2933,T1
2934,T2
2935,T1
2936,T2
2937,T2
2938,T2
2939,T2
2940,T2
2941,T1
2942,T2
2943,T1
2944,T2
2945,T1
2946,T2
2947,T2
2948,T2
2949,T1
2950,T2
2951,T1
2952,T1
2953,T2
2954,T1
2955,T2
2956,T2
2957,T2
2958,T2
2959,T1
2960,T1
2961,T1
2962,T2
2963,T2
2964,T1
2965,T2
2966,T1
2967,T2
2968,T1
2969,T1
2970,T2
2971,T2
2972,T1
2973,T1
2974,T2
2975,T2
2976,T1
2977,T1
2978,T2
2979,T2
2980,T1
2981,T2
2982,T1
2983,T1
2984,T1
2985,T1
2986,T2
2987,T2
2988,T2
2989,T1
2990,T1
2991,T1
2992,T1
2993,T1
2994,T1
2995,T1
2996,T1
2997,T2
2998,T2
2999,T1
3000,T1
3001,T1
3002,T1
3003,T2
3004,T2
3005,T2
3006,T1
3007,T2
3008,T2
3009,T1
3010,T1
3011,T2
3012,T1
3013,T2
3014,T1
3015,T2
3016,T1
3017,T1
3018,T1
3019,T2
3020,T2
3021,T2
3022,T2
3023,T1
3024,T2
3025,T2
3026,T2
3027,T2
3028,T1
3029,T2
3030,T1
3031,T1
3032,T1
3033,T2
3034,T2
3035,T2
3036,T1
3037,T2
3038,T1
3039,T1
3040,T1
3041,T1
3042,T1
3043,T2
3044,T1
3045,T1
3046,T1
3047,T2
3048,T1
3049,T2
3050,T1
3051,T1
3052,T1
3053,T1
3054,T2
3055,T2
3056,T2
3057,T1
3058,T2
3059,T1
3060,T2
3061,T2
3062,T2
3063,T2
3064,T1
3065,T1
3066,T2
3067,T2
3068,T2
3069,T1
3070,T1
3071,T1
3072,T1
3073,T1
3074,T2
3075,T1
3076,T2
3077,T2
3078,T2
3079,T1
3080,T2
3081,T1
3082,T2
3083,T1
3084,T1
3085,T2
3086,T2
3087,T2
3088,T1
3089,T1
3090,T1
3091,T2
3092,T1
3093,T1
3094,T1
3095,T1
3096,T2
3097,T2
3098,T2
3099,T1
3100,T2
3101,T2
3102,T1
3103,T2
3104,T2
3105,T2
3106,T1
3107,T2
3108,T2
3109,T2
3110,T2
3111,T1
3112,T1
3113,T2
3114,T2
3115,T2
3116,T1
3117,T2
3118,T2
3119,T2
3120,T2
3121,T2
3122,T1
3123,T2
3124,T1
3125,T2
3126,T1
3127,T2
3128,T2
3129,T1
3130,T1
3131,T1
3132,T1
3133,T2
3134,T1
3135,T2
3136,T2
3137,T2
3138,T2
3139,T1
3140,T2
3141,T2
3142,T1
3143,T1
3144,T2
3145,T2
3146,T1
3147,T1
3148,T2
3149,T2
3150,T1
3151,T2
3152,T2
3153,T1
3154,T1
3155,T1
3156,T1
3157,T2
3158,T2
3159,T2
3160,T2
3161,T1
3162,T2
3163,T1
3164,T2
3165,T1
3166,T2
3167,T1
3168,T2
3169,T2
3170,T2
3171,T1
3172,T2
3173,T1
3174,T1
3175,T2
3176,T1
3177,T1
3178,T1
3179,T1
3180,T2
3181,T1
3182,T2
3183,T1
3184,T1
3185,T1
3186,T2
3187,T2
3188,T1
3189,T1
3190,T1
3191,T2
3192,T2
3193,T2
3194,T2
3195,T1
3196,T1
3197,T2
3198,T2
3199,T2
3200,T1
3201,T2
3202,T2
3203,T2
3204,T1
3205,T2
3206,T2
3207,T1
3208,T2
3209,T1
3210,T1
3211,T2
3212,T1
3213,T2
3214,T2
3215,T1
3216,T2
3217,T2
3218,T2
3219,T2
3220,T1
3221,T1
3222,T2
3223,T1
3224,T1
3225,T2
3226,T2
3227,T1
3228,T2
3229,T2
3230,T1
3231,T1
3232,T1
3233,T2
3234,T1
3235,T2
3236,T1
3237,T1
3238,T2
3239,T1
3240,T2
3241,T1
3242,T2
3243,T1
3244,T2
3245,T1
3246,T2
3247,T1
3248,T2
3249,T1
3250,T1
3251,T2
3252,T2
3253,T1
3254,T1
3255,T1
3256,T1
3257,T1
3258,T1
3259,T2
3260,T2
3261,T2
3262,T1
3263,T2
3264,T2
3265,T1
3266,T2
3267,T2
3268,T2
3269,T2
3270,T1
3271,T2
3272,T1
3273,T1
3274,T2
3275,T1
3276,T2
3277,T2
3278,T2
3279,T1
3280,T1
3281,T2
3282,T1
3283,T2
3284,T2
3285,T1
3286,T2
3287,T1
3288,T2
3289,T2
3290,T1
3291,T2
3292,T2
3293,T1
3294,T1
3295,T1
3296,T1
3297,T1
3298,T1
3299,T2
3300,T2
3301,T2
3302,T2
3303,T2
3304,T2
3305,T1
3306,T2
3307,T2
3308,T1
3309,T2
3310,T2
3311,T2
3312,T1
3313,T2
3314,T1
3315,T2
3316,T1
3317,T1
3318,T1
3319,T2
3320,T2
3321,T2
3322,T1
3323,T1
3324,T2
3325,T1
3326,T1
3327,T1
3328,T2
3329,T1
3330,T1
3331,T2
3332,T2
3333,T1
3334,T2
3335,T1
3336,T1
3337,T1
3338,T2
3339,T2
3340,T1
3341,T2
3342,T1
3343,T2
3344,T2
3345,T2
3346,T2
3347,T2
3348,T2
3349,T1
3350,T2
3351,T1
3352,T2
3353,T1
3354,T1
3355,T1
3356,T1
3357,T1
3358,T1
3359,T1
3360,T1
3361,T2
3362,T1
3363,T1
3364,T2
3365,T2
3366,T2
3367,T1
3368,T1
3369,T1
3370,T2
3371,T2
3372,T1
3373,T1
3374,T1
3375,T1
3376,T2
3377,T2
3378,T1
3379,T2
3380,T1
3381,T1
3382,T2
3383,T2
3384,T2
3385,T1
3386,T2
3387,T1
3388,T1
3389,T1
3390,T2
3391,T2
3392,T2
3393,T2
3394,T2
3395,T2
3396,T1
3397,T1
3398,T2
3399,T2
3400,T2
3401,T2
3402,T1
3403,T1
3404,T1
3405,T2
3406,T2
3407,T1
3408,T1
3409,T1
3410,T1
3411,T1
3412,T1
3413,T1
3414,T2
3415,T1
3416,T2
3417,T1
3418,T1
3419,T2
3420,T2
3421,T2
3422,T1
3423,T2
3424,T1
3425,T1
3426,T1
3427,T2
3428,T1
3429,T1
3430,T1
3431,T1
3432,T1
3433,T1
3434,T2
3435,T2
3436,T1
3437,T2
3438,T2
3439,T1
3440,T2
3441,T1
3442,T2
3443,T2
3444,T2
3445,T2
3446,T1
3447,T1
3448,T2
3449,T1
3450,T2
3451,T2
3452,T1
3453,T1
3454,T1
3455,T1
3456,T1
3457,T1
3458,T1
3459,T2
3460,T2
3461,T2
3462,T1
3463,T1
3464,T2
3465,T2
3466,T2
3467,T2
3468,T1
3469,T1
3470,T1
3471,T1
3472,T1
3473,T2
3474,T2
3475,T2
3476,T2
3477,T1
3478,T2
3479,T1
3480,T2
3481,T2
3482,T2
3483,T1
3484,T2
3485,T1
3486,T2
3487,T1
3488,T2
3489,T1
3490,T2
3491,T1
3492,T1
3493,T1
3494,T1
3495,T1
3496,T2
3497,T2
3498,T2
3499,T1
3500,T1
3501,T2
3502,T2
3503,T1
3504,T1
3505,T2
3506,T2
3507,T2
3508,T1
3509,T1
3510,T1
3511,T2
3512,T1
3513,T2
3514,T1
3515,T2
3516,T2
3517,T2
3518,T2
3519,T2
3520,T1
3521,T2
3522,T2
3523,T1
3524,T2
3525,T2
3526,T2
3527,T1
3528,T1
3529,T1
3530,T2
3531,T1
3532,T1
3533,T2
3534,T2
3535,T2
3536,T1
3537,T2
3538,T1
3539,T2
3540,T1
3541,T1
3542,T2
3543,T2
3544,T2
3545,T1
3546,T1
3547,T2
3548,T1
3549,T2
3550,T1
3551,T2
3552,T1
3553,T2
3554,T1
3555,T1
3556,T2
3557,T2
3558,T1
3559,T1
3560,T1
3561,T1
3562,T2
3563,T1
3564,T1
3565,T2
3566,T2
3567,T2
3568,T2
3569,T2
3570,T1
3571,T2
3572,T2
3573,T2
3574,T1
3575,T2
3576,T2
3577,T1
3578,T2
3579,T1
3580,T2
3581,T1
3582,T2
3583,T1
3584,T2
3585,T1
3586,T2
3587,T1
3588,T2
3589,T1
3590,T2
3591,T1
3592,T2
3593,T1
3594,T1
3595,T1
3596,T2
3597,T1
3598,T2
3599,T2
3600,T2
3601,T1
3602,T1
3603,T1
3604,T2
3605,T1
3606,T1
3607,T1
3608,T1
3609,T2
3610,T1
3611,T2
3612,T1
3613,T1
3614,T1
3615,T1
3616,T2
3617,T2
3618,T1
3619,T1
3620,T1
3621,T2
3622,T1
3623,T2
3624,T2
3625,T2
3626,T2
3627,T2
3628,T1
3629,T1
3630,T1
3631,T2
3632,T1
3633,T1
3634,T1
3635,T2
3636,T2
3637,T2
3638,T2
3639,T2
3640,T1
3641,T2
3642,T2
3643,T2
3644,T1
3645,T2
3646,T1
3647,T1
3648,T2
3649,T1
3650,T2
3651,T2
3652,T1
3653,T1
3654,T2
3655,T2
3656,T1
3657,T2
3658,T2
3659,T2
3660,T2
3661,T2
3662,T2
3663,T2
3664,T2
3665,T1
3666,T2
3667,T1
3668,T1
3669,T2
3670,T1
3671,T2
3672,T1
3673,T2
3674,T1
3675,T2
3676,T1
3677,T1
3678,T1
3679,T1
3680,T2
3681,T2
3682,T1
3683,T2
3684,T1
3685,T2
3686,T2
3687,T2
3688,T1
3689,T1
3690,T2
3691,T1
3692,T2
3693,T1
3694,T2
3695,T2
3696,T2
3697,T2
3698,T2
3699,T2
3700,T2
3701,T1
3702,T2
3703,T1
3704,T1
3705,T1
3706,T2
3707,T2
3708,T2
3709,T1
3710,T1
3711,T2
3712,T1
3713,T2
3714,T2
3715,T2
3716,T2
3717,T1
3718,T1
3719,T2
3720,T1
3721,T1
3722,T1
3723,T1
3724,T1
3725,T2
3726,T2
3727,T1
3728,T1
3729,T2
3730,T2
3731,T1
3732,T1
3733,T2
3734,T2
3735,T2
3736,T1
3737,T2
3738,T2
3739,T2
3740,T2
3741,T1
3742,T2
3743,T2
3744,T2
3745,T2
3746,T1
3747,T2
3748,T1
3749,T1
3750,T1
3751,T2
3752,T2
3753,T2
3754,T2
3755,T2
3756,T2
3757,T1
3758,T2
3759,T1
3760,T1
3761,T1
3762,T2
3763,T2
3764,T2
3765,T2
3766,T2
3767,T1
3768,T1
3769,T2
3770,T2
3771,T2
3772,T2
3773,T1
3774,T2
3775,T2
3776,T2
3777,T1
3778,T2
3779,T1
3780,T1
3781,T1
3782,T1
3783,T1
3784,T2
3785,T2
3786,T1
3787,T1
3788,T2
3789,T2
3790,T2
3791,T1
3792,T2
3793,T1
3794,T1
3795,T2
3796,T1
3797,T2
3798,T1
3799,T1
3800,T2
3801,T2
3802,T2
3803,T1
3804,T1
3805,T2
3806,T2
3807,T1
3808,T2
3809,T1
3810,T2
3811,T1
3812,T2
3813,T2
3814,T2
3815,T1
3816,T2
3817,T1
3818,T1
3819,T2
3820,T1
3821,T1
3822,T2
3823,T2
3824,T1
3825,T1
3826,T2
3827,T2
3828,T1
3829,T2
3830,T2
3831,T1
3832,T2
3833,T2
3834,T2
3835,T1
3836,T2
3837,T2
3838,T2
3839,T1
3840,T2
3841,T1
3842,T2
3843,T1
3844,T1
3845,T2
3846,T2
3847,T2
3848,T1
3849,T1
3850,T2
3851,T2
3852,T2
3853,T1
3854,T2
3855,T1
3856,T1
3857,T2
3858,T2
3859,T1
3860,T1
3861,T2
3862,T1
3863,T2
3864,T1
3865,T1
3866,T1
3867,T1
3868,T2
3869,T1
3870,T2
3871,T1
3872,T2
3873,T2
3874,T2
3875,T1
3876,T2
3877,T2
3878,T1
3879,T1
3880,T1
3881,T2
3882,T2
3883,T2
3884,T2
3885,T2
3886,T1
3887,T2
3888,T1
3889,T2
3890,T2
3891,T1
3892,T1
3893,T2
3894,T1
3895,T1
3896,T2
3897,T2
3898,T2
3899,T1
3900,T2
3901,T2
3902,T2
3903,T1
3904,T1
3905,T1
3906,T2
3907,T2
3908,T1
3909,T2
3910,T2
3911,T2
3912,T1
3913,T1
3914,T2
3915,T1
3916,T2
3917,T1
3918,T1
3919,T1
3920,T1
3921,T2
3922,T2
3923,T1
3924,T2
3925,T2
3926,T2
3927,T1
3928,T2
3929,T2
3930,T1
3931,T2
3932,T2
3933,T2
3934,T1
3935,T2
3936,T2
3937,T1
3938,T2
3939,T2
3940,T2
3941,T2
3942,T2
3943,T2
3944,T1
3945,T2
3946,T2
3947,T1
3948,T1
3949,T2
3950,T1
3951,T2
3952,T2
3953,T1
3954,T2
3955,T1
3956,T2
3957,T1
3958,T2
3959,T2
3960,T2
3961,T1
3962,T2
3963,T2
3964,T2
3965,T1
3966,T2
3967,T2
3968,T2
3969,T2
3970,T2
3971,T2
3972,T1
3973,T1
3974,T1
3975,T2
3976,T2
3977,T1
3978,T2
3979,T1
3980,T2
3981,T1
3982,T1
3983,T1
3984,T1
3985,T1
3986,T1
3987,T1
3988,T2
3989,T2
3990,T2
3991,T2
3992,T2
3993,T1
3994,T2
3995,T1
3996,T2
3997,T1
3998,T1
3999,T1
4000,T1
4001,T2
4002,T1
4003,T2
4004,T1
4005,T1
4006,T1
4007,T1
4008,T1
4009,T2
4010,T2
4011,T2
4012,T1
4013,T1
4014,T2
4015,T2
4016,T1
4017,T2
4018,T2
4019,T2
4020,T2
4021,T1
4022,T2
4023,T2
4024,T1
4025,T1
4026,T1
4027,T2
4028,T1
4029,T2
4030,T2
4031,T2
4032,T1
4033,T2
4034,T1
4035,T1
4036,T2
4037,T1
4038,T2
4039,T1
4040,T1
4041,T1
4042,T1
4043,T1
4044,T1
4045,T2
4046,T2
4047,T1
4048,T2
4049,T1
4050,T1
4051,T1
4052,T2
4053,T2
4054,T1
4055,T2
4056,T2
4057,T1
4058,T1
4059,T1
4060,T2
4061,T2
4062,T2
4063,T2
4064,T1
4065,T2
4066,T2
4067,T1
4068,T2
4069,T1
4070,T2
4071,T2
4072,T2
4073,T1
4074,T2
4075,T1
4076,T2
4077,T1
4078,T2
4079,T1
4080,T1
4081,T1
4082,T1
4083,T1
4084,T1
4085,T2
4086,T2
4087,T2
4088,T2
4089,T1
4090,T2
4091,T1
4092,T2
4093,T1
4094,T2
4095,T1
4096,T2
4097,T2
4098,T1
4099,T2
4100,T1
4101,T1
4102,T1
4103,T1
4104,T2
4105,T1
4106,T2
4107,T1
4108,T1
4109,T1
4110,T2
4111,T1
4112,T2
4113,T2
4114,T1
4115,T1
4116,T1
4117,T2
4118,T1
4119,T1
4120,T2
4121,T2
4122,T2
4123,T1
4124,T2
4125,T2
4126,T2
4127,T2
4128,T1
4129,T2
4130,T2
4131,T2
4132,T1
4133,T1
4134,T2
4135,T2
4136,T2
4137,T2
4138,T2
4139,T1
4140,T2
4141,T2
4142,T2
4143,T2
4144,T2
4145,T1
4146,T2
4147,T2
4148,T1
4149,T1
4150,T2
4151,T2
4152,T2
4153,T2
4154,T1
4155,T2
4156,T2
4157,T1
4158,T2
4159,T2
4160,T1
4161,T2
4162,T2
4163,T2
4164,T1
4165,T1
4166,T1
4167,T1
4168,T2
4169,T1
4170,T2
4171,T2
4172,T2
4173,T2
4174,T2
4175,T1
4176,T1
4177,T2
4178,T2
4179,T1
4180,T1
4181,T2
4182,T1
4183,T2
4184,T1
4185,T2
4186,T2
4187,T2
4188,T2
4189,T1
4190,T2
4191,T2
4192,T2
4193,T1
4194,T1
4195,T1
4196,T1
4197,T2
4198,T2
4199,T1
4200,T1
4201,T2
4202,T2
4203,T2
4204,T1
4205,T2
4206,T2
4207,T2
4208,T2
4209,T2
4210,T2
4211,T2
4212,T1
4213,T2
4214,T2
4215,T2
4216,T2
4217,T1
4218,T1
4219,T2
4220,T2
4221,T1
4222,T2
4223,T2
4224,T2
4225,T1
4226,T2
4227,T1
4228,T1
4229,T1
4230,T2
4231,T1
4232,T2
4233,T2
4234,T1
4235,T1
4236,T2
4237,T2
4238,T2
4239,T2
4240,T1
4241,T1
4242,T2
4243,T2
4244,T2
4245,T2
4246,T2
4247,T1
4248,T2
4249,T2
4250,T1
4251,T2
4252,T2
4253,T2
4254,T2
4255,T1
4256,T1
4257,T1
4258,T2
4259,T2
4260,T2
4261,T1
4262,T1
4263,T2
4264,T1
4265,T1
4266,T1
4267,T2
4268,T1
4269,T1
4270,T2
4271,T2
4272,T2
4273,T2
4274,T1
4275,T1
4276,T1
4277,T2
4278,T2
4279,T2
4280,T1
4281,T1
4282,T2
4283,T2
4284,T2
4285,T2
4286,T2
4287,T1
4288,T1
4289,T1
4290,T2
4291,T1
4292,T1
4293,T2
4294,T1
4295,T1
4296,T1
4297,T1
4298,T2
4299,T1
4300,T1
4301,T1
4302,T1
4303,T2
4304,T1
4305,T1
4306,T2
4307,T2
4308,T1
4309,T2
4310,T2
4311,T1
4312,T1
4313,T2
4314,T1
4315,T1
4316,T1
4317,T1
4318,T2
4319,T2
4320,T2
4321,T1
4322,T1
4323,T1
4324,T1
4325,T2
4326,T1
4327,T1
4328,T1
4329,T2
4330,T2
4331,T1
4332,T1
4333,T2
4334,T1
4335,T2
4336,T2
4337,T2
4338,T1
4339,T1
4340,T1
4341,T2
4342,T1
4343,T1
4344,T2
4345,T1
4346,T1
4347,T2
4348,T2
4349,T1
4350,T1
4351,T2
4352,T2
4353,T2
4354,T2
4355,T2
4356,T2
4357,T1
4358,T1
4359,T1
4360,T2
4361,T1
4362,T1
4363,T1
4364,T2
4365,T2
4366,T1
4367,T2
4368,T2
4369,T1
4370,T2
4371,T1
4372,T1
4373,T1
4374,T2
4375,T1
4376,T2
4377,T1
4378,T2
4379,T2
4380,T1
4381,T1
4382,T1
4383,T2
4384,T1
4385,T1
4386,T2
4387,T1
4388,T1
4389,T1
4390,T1
4391,T2
4392,T2
4393,T2
4394,T2
4395,T1
4396,T2
4397,T2
4398,T2
4399,T1
4400,T1
4401,T1
4402,T1
4403,T2
4404,T2
4405,T2
4406,T1
4407,T1
4408,T1
4409,T1
4410,T2
4411,T1
4412,T2
4413,T1
4414,T2
4415,T2
4416,T2
4417,T1
4418,T1
4419,T1
4420,T2
4421,T1
4422,T2
4423,T2
4424,T2
4425,T1
4426,T1
4427,T2
4428,T1
4429,T2
4430,T2
4431,T2
4432,T1
4433,T1
4434,T2
4435,T1
4436,T1
4437,T1
4438,T1
4439,T1
4440,T2
4441,T1
4442,T2
4443,T2
4444,T1
4445,T1
4446,T2
4447,T1
4448,T1
4449,T2
4450,T1
4451,T1
4452,T2
4453,T2
4454,T2
4455,T1
4456,T1
4457,T1
4458,T1
4459,T2
4460,T1
4461,T2
4462,T1
4463,T1
4464,T2
4465,T1
4466,T2
4467,T2
4468,T2
4469,T2
4470,T2
4471,T1
4472,T1
4473,T2
4474,T2
4475,T2
4476,T2
4477,T2
4478,T2
4479,T1
4480,T2
4481,T2
4482,T2
4483,T1
4484,T2
4485,T2
4486,T2
4487,T2
4488,T1
4489,T2
4490,T1
4491,T2
4492,T1
4493,T2
4494,T2
4495,T1
4496,T2
4497,T2
4498,T1
4499,T1
4500,T2
4501,T1
4502,T2
4503,T1
4504,T1
4505,T1
4506,T1
4507,T1
4508,T2
4509,T2
4510,T1
4511,T1
4512,T2
4513,T2
4514,T2
4515,T2
4516,T1
4517,T1
4518,T2
4519,T1
4520,T2
4521,T2
4522,T1
4523,T1
4524,T2
4525,T1
4526,T1
4527,T2
4528,T2
4529,T2
4530,T1
4531,T1
4532,T1
4533,T2
4534,T1
4535,T1
4536,T1
4537,T1
4538,T2
4539,T2
4540,T2
4541,T1
4542,T2
4543,T2
4544,T1
4545,T2
4546,T2
4547,T1
4548,T1
4549,T1
4550,T2
4551,T2
4552,T2
4553,T1
4554,T2
4555,T1
4556,T2
4557,T1
4558,T2
4559,T1
4560,T2
4561,T2
4562,T1
4563,T2
4564,T1
4565,T2
4566,T1
4567,T2
4568,T2
4569,T1
4570,T1
4571,T1
4572,T1
4573,T1
4574,T2
4575,T2
4576,T2
4577,T2
4578,T2
4579,T1
4580,T2
4581,T1
4582,T1
4583,T1
4584,T2
4585,T2
4586,T2
4587,T2
4588,T1
4589,T1
4590,T2
4591,T1
4592,T1
4593,T1
4594,T1
4595,T1
4596,T1
4597,T2
4598,T1
4599,T1
4600,T2
4601,T1
4602,T1
4603,T2
4604,T2
4605,T1
4606,T1
4607,T1
4608,T2
4609,T2
4610,T1
4611,T1
4612,T1
4613,T1
4614,T1
4615,T2
4616,T1
4617,T1
4618,T2
4619,T2
4620,T2
4621,T1
4622,T1
4623,T2
4624,T1
4625,T2
4626,T1
4627,T1
4628,T1
4629,T1
4630,T1
4631,T1
4632,T2
4633,T1
4634,T2
4635,T2
4636,T2
4637,T2
4638,T2
4639,T1
4640,T1
4641,T1
4642,T1
4643,T1
4644,T2
4645,T2
4646,T2
4647,T2
4648,T1
4649,T1
4650,T2
4651,T2
4652,T2
4653,T1
4654,T2
4655,T1
4656,T2
4657,T1
4658,T1
4659,T1
4660,T2
4661,T2
4662,T1
4663,T1
4664,T2
4665,T1
4666,T2
4667,T2
4668,T1
4669,T1
4670,T1
4671,T1
4672,T1
4673,T2
4674,T1
4675,T1
4676,T2
4677,T2
4678,T1
4679,T1
4680,T1
4681,T2
4682,T1
4683,T2
4684,T2
4685,T1
4686,T2
4687,T2
4688,T2
4689,T1
4690,T2
4691,T2
4692,T2
4693,T2
4694,T1
4695,T2
4696,T1
4697,T2
4698,T1
4699,T1
4700,T1
4701,T2
4702,T1
4703,T1
4704,T2
4705,T1
4706,T2
4707,T2
4708,T2
4709,T1
4710,T1
4711,T1
4712,T1
4713,T1
4714,T2
4715,T1
4716,T1
4717,T1
4718,T1
4719,T2
4720,T1
4721,T2
4722,T1
4723,T2
4724,T2
4725,T2
4726,T2
4727,T2
4728,T2
4729,T1
4730,T1
4731,T2
4732,T1
4733,T2
4734,T2
4735,T2
4736,T1
4737,T1
4738,T1
4739,T1
4740,T1
4741,T2
4742,T2
4743,T2
4744,T1
4745,T1
4746,T1
4747,T2
4748,T1
4749,T2
4750,T1
4751,T1
4752,T2
4753,T1
4754,T1
4755,T1
4756,T2
4757,T2
4758,T1
4759,T2
4760,T2
4761,T1
4762,T1
4763,T1
4764,T1
4765,T1
4766,T1
4767,T1
4768,T2
4769,T2
4770,T2
4771,T1
4772,T2
4773,T1
4774,T1
4775,T2
4776,T1
4777,T2
4778,T1
4779,T1
4780,T2
4781,T2
4782,T1
4783,T1
4784,T2
4785,T2
4786,T2
4787,T2
4788,T2
4789,T2
4790,T1
4791,T1
4792,T2
4793,T1
4794,T1
4795,T1
4796,T2
4797,T2
4798,T2
4799,T1
4800,T2
4801,T1
4802,T2
4803,T1
4804,T1
4805,T2
4806,T1
4807,T2
4808,T1
4809,T1
4810,T2
4811,T1
4812,T1
4813,T2
4814,T2
4815,T2
4816,T2
4817,T2
4818,T1
4819,T1
4820,T2
4821,T1
4822,T1
4823,T1
4824,T2
4825,T1
4826,T1
4827,T2
4828,T2
4829,T1
4830,T2
4831,T2
4832,T1
4833,T1
4834,T2
4835,T1
4836,T1
4837,T2
4838,T2
4839,T2
4840,T1
4841,T2
4842,T2
4843,T2
4844,T1
4845,T2
4846,T2
4847,T2
4848,T2
4849,T2
4850,T1
4851,T1
4852,T1
4853,T2
4854,T1
4855,T1
4856,T2
4857,T1
4858,T2
4859,T2
4860,T2
4861,T1
4862,T2
4863,T2
4864,T2
4865,T2
4866,T2
4867,T1
4868,T1
4869,T1
4870,T1
4871,T2
4872,T2
4873,T2
4874,T2
4875,T1
4876,T2
4877,T2
4878,T1
4879,T2
4880,T1
4881,T2
4882,T2
4883,T2
4884,T2
4885,T2
4886,T1
4887,T2
4888,T1
4889,T1
4890,T1
4891,T1
4892,T1
4893,T1
4894,T2
4895,T1
4896,T1
4897,T2
4898,T1
4899,T2
4900,T2
4901,T1
4902,T2
4903,T1
4904,T2
4905,T2
4906,T2
4907,T1
4908,T2
4909,T2
4910,T1
4911,T1
4912,T2
4913,T2
4914,T1
4915,T1
4916,T1
4917,T2
4918,T2
4919,T1
4920,T1
4921,T1
4922,T1
4923,T2
4924,T2
4925,T1
4926,T2
4927,T1
4928,T2
4929,T2
4930,T1
4931,T1
4932,T2
4933,T1
4934,T1
4935,T2
4936,T1
4937,T1
4938,T2
4939,T2
4940,T2
4941,T1
4942,T1
4943,T2
4944,T1
4945,T1
4946,T1
4947,T1
4948,T1
4949,T2
4950,T1
4951,T2
4952,T1
4953,T1
4954,T2
4955,T2
4956,T1
4957,T1
4958,T1
4959,T1
4960,T1
4961,T2
4962,T2
4963,T1
4964,T2
4965,T2
4966,T1
4967,T1
4968,T1
4969,T1
4970,T1
4971,T1
4972,T1
4973,T2
4974,T1
4975,T2
4976,T1
4977,T1
4978,T2
4979,T2
4980,T2
4981,T1
4982,T2
4983,T1
4984,T2
4985,T1
4986,T2
4987,T2
4988,T1
4989,T1
4990,T1
4991,T2
4992,T1
4993,T2
4994,T1
4995,T2
4996,T2
4997,T1
4998,T2
4999,T1
5000,T2
5001,T2
5002,T2
5003,T2
5004,T2
5005,T1
5006,T2
5007,T1
5008,T2
5009,T1
5010,T2
5011,T1
5012,T2
5013,T2
5014,T2
5015,T2
5016,T1
5017,T2
5018,T2
5019,T2
5020,T2
5021,T2
5022,T2
5023,T1
5024,T2
5025,T1
5026,T1
5027,T2
5028,T1
5029,T2
5030,T1
5031,T2
5032,T2
5033,T1
5034,T1
5035,T2
5036,T1
5037,T1
5038,T1
5039,T1
5040,T2
5041,T2
5042,T2
5043,T2
5044,T2
5045,T1
5046,T2
5047,T1
5048,T2
5049,T1
5050,T1
5051,T1
5052,T1
5053,T2
5054,T1
5055,T1
5056,T2
5057,T2
5058,T2
5059,T1
5060,T2
5061,T1
5062,T2
5063,T1
5064,T2
5065,T2
5066,T2
5067,T2
5068,T2
5069,T2
5070,T1
5071,T2
5072,T2
5073,T2
5074,T1
5075,T1
5076,T2
5077,T1
5078,T2
5079,T2
5080,T1
5081,T1
5082,T1
5083,T1
5084,T2
5085,T1
5086,T1
5087,T1
5088,T2
5089,T2
5090,T2
5091,T1
5092,T1
5093,T1
5094,T1
5095,T2
5096,T1
5097,T1
5098,T2
5099,T1
5100,T1
5101,T1
5102,T1
5103,T1
5104,T1
5105,T2
5106,T1
5107,T1
5108,T2
5109,T1
5110,T1
5111,T2
5112,T1
5113,T2
5114,T2
5115,T2
5116,T1
5117,T1
5118,T1
5119,T1
5120,T1
5121,T1
5122,T2
5123,T2
5124,T1
5125,T1
5126,T2
5127,T1
5128,T1
5129,T1
5130,T1
5131,T2
5132,T2
5133,T2
5134,T2
5135,T2
5136,T2
5137,T2
5138,T2
5139,T1
5140,T2
5141,T1
5142,T1
5143,T2
5144,T2
5145,T2
5146,T1
5147,T2
5148,T1
5149,T1
5150,T1
5151,T2
5152,T1
5153,T1
5154,T2
5155,T1
5156,T1
5157,T2
5158,T2
5159,T1
5160,T1
5161,T1
5162,T1
5163,T1
5164,T1
5165,T1
5166,T2
5167,T2
5168,T2
5169,T2
5170,T1
5171,T2
5172,T2
5173,T2
5174,T1
5175,T2
5176,T2
5177,T2
5178,T2
5179,T1
5180,T2
5181,T2
5182,T2
5183,T1
5184,T1
5185,T2
5186,T1
5187,T1
5188,T2
5189,T1
5190,T2
5191,T2
5192,T1
5193,T2
5194,T1
5195,T2
5196,T1
5197,T1
5198,T1
5199,T2
5200,T2
5201,T2
5202,T2
5203,T2
5204,T2
5205,T1
5206,T2
5207,T2
5208,T2
5209,T1
5210,T1
5211,T1
5212,T2
5213,T1
5214,T2
5215,T1
5216,T2
5217,T2
5218,T2
5219,T2
5220,T2
5221,T1
5222,T2
5223,T1
5224,T2
5225,T1
5226,T2
5227,T2
5228,T2
5229,T2
5230,T2
5231,T1
5232,T1
5233,T1
5234,T2
5235,T2
5236,T2
5237,T1
5238,T2
5239,T2
5240,T1
5241,T2
5242,T2
5243,T1
5244,T2
5245,T1
5246,T1
5247,T1
5248,T1
5249,T1
5250,T1
5251,T2
5252,T2
5253,T2
5254,T2
5255,T1
5256,T2
5257,T2
5258,T2
5259,T2
5260,T1
5261,T1
5262,T2
5263,T2
5264,T1
5265,T1
5266,T2
5267,T2
5268,T2
5269,T1
5270,T2
5271,T2
5272,T2
5273,T2
5274,T1
5275,T1
5276,T2
5277,T2
5278,T1
5279,T1
5280,T2
5281,T2
5282,T2
5283,T2
5284,T2
5285,T1
5286,T2
5287,T2
5288,T1
5289,T1
5290,T1
5291,T1
5292,T1
5293,T1
5294,T2
5295,T2
5296,T1
5297,T2
5298,T2
5299,T2
5300,T2
5301,T1
5302,T2
5303,T1
5304,T2
5305,T2
5306,T2
5307,T2
5308,T1
5309,T2
5310,T1
5311,T1
5312,T2
5313,T1
5314,T2
5315,T1
5316,T1
5317,T1
5318,T2
5319,T2
5320,T1
5321,T2
5322,T2
5323,T1
5324,T2
5325,T2
5326,T1
5327,T2
5328,T1
5329,T1
5330,T2
5331,T2
5332,T1
5333,T1
5334,T1
5335,T2
5336,T2
5337,T1
5338,T2
5339,T2
5340,T2
5341,T2
5342,T2
5343,T2
5344,T1
5345,T1
5346,T1
5347,T2
5348,T1
5349,T1
5350,T1
5351,T2
5352,T1
5353,T1
5354,T1
5355,T1
5356,T2
5357,T1
5358,T1
5359,T1
5360,T2
5361,T2
5362,T1
5363,T1
5364,T2
5365,T1
5366,T1
5367,T1
5368,T1
5369,T1
5370,T1
5371,T1
5372,T2
5373,T2
5374,T2
5375,T2
5376,T1
5377,T2
5378,T1
5379,T2
5380,T2
5381,T2
5382,T1
5383,T2
5384,T1
5385,T2
5386,T2
5387,T1
5388,T2
5389,T2
5390,T1
5391,T2
5392,T1
5393,T2
5394,T2
5395,T2
5396,T2
5397,T2
5398,T2
5399,T2
5400,T2
5401,T2
5402,T2
5403,T2
5404,T1
5405,T1
5406,T2
5407,T1
5408,T2
5409,T2
5410,T2
5411,T1
5412,T2
5413,T2
5414,T1
5415,T2
5416,T1
5417,T1
5418,T2
5419,T1
5420,T2
5421,T2
5422,T1
5423,T2
5424,T2
5425,T1
5426,T1
5427,T1
5428,T1
5429,T1
5430,T1
5431,T2
5432,T2
5433,T1
5434,T2
5435,T1
5436,T2
5437,T2
5438,T2
5439,T1
5440,T2
5441,T2
5442,T2
5443,T2
5444,T1
5445,T2
5446,T2
5447,T1
5448,T1
5449,T1
5450,T2
5451,T2
5452,T1
5453,T2
5454,T2
5455,T1
5456,T2
5457,T2
5458,T2
5459,T2
5460,T1
5461,T2
5462,T2
5463,T1
5464,T1
5465,T2
5466,T2
5467,T1
5468,T1
5469,T1
5470,T2
5471,T1
5472,T1
5473,T1
5474,T2
5475,T1
5476,T2
5477,T1
5478,T2
5479,T2
5480,T2
5481,T1
5482,T2
5483,T2
5484,T1
5485,T2
5486,T2
5487,T2
5488,T1
5489,T1
5490,T1
5491,T2
5492,T1
5493,T1
5494,T2
5495,T1
5496,T2
5497,T2
5498,T1
5499,T1
5500,T1
5501,T2
5502,T2
5503,T1
5504,T2
5505,T1
5506,T1
5507,T2
5508,T2
5509,T1
5510,T1
5511,T1
5512,T2
5513,T1
5514,T2
5515,T2
5516,T1
5517,T1
5518,T2
5519,T2
5520,T1
5521,T2
5522,T2
5523,T1
5524,T1
5525,T1
5526,T2
5527,T2
5528,T2
5529,T1
5530,T1
5531,T1
5532,T1
5533,T2
5534,T2
5535,T2
5536,T1
5537,T2
5538,T1
5539,T2
5540,T2
5541,T2
5542,T1
5543,T2
5544,T2
5545,T1
5546,T2
5547,T1
5548,T1
5549,T1
5550,T1
5551,T2
5552,T1
5553,T1
5554,T2
5555,T2
5556,T2
5557,T2
5558,T2
5559,T1
5560,T1
5561,T2
5562,T2
5563,T2
5564,T1
5565,T2
5566,T1
5567,T1
5568,T2
5569,T2
5570,T2
5571,T1
5572,T2
5573,T2
5574,T2
5575,T1
5576,T2
5577,T1
5578,T2
5579,T1
5580,T2
5581,T2
5582,T2
5583,T1
5584,T2
5585,T1
5586,T1
5587,T2
5588,T2
5589,T2
5590,T1
5591,T2
5592,T2
5593,T1
5594,T1
5595,T1
5596,T1
5597,T2
5598,T1
5599,T1
5600,T1
5601,T1
5602,T2
5603,T1
5604,T2
5605,T1
5606,T2
5607,T2
5608,T2
5609,T2
5610,T1
5611,T1
5612,T1
5613,T2
5614,T2
5615,T2
5616,T1
5617,T1
5618,T2
5619,T2
5620,T1
5621,T1
5622,T2
5623,T2
5624,T1
5625,T1
5626,T1
5627,T2
5628,T1
5629,T2
5630,T2
5631,T2
5632,T2
5633,T1
5634,T2
5635,T2
5636,T1
5637,T2
5638,T1
5639,T1
5640,T2
5641,T1
5642,T2
5643,T2
5644,T2
5645,T1
5646,T1
5647,T2
5648,T2
5649,T1
5650,T2
5651,T1
5652,T1
5653,T2
5654,T2
5655,T2
5656,T2
5657,T2
5658,T1
5659,T1
5660,T1
5661,T1
5662,T1
5663,T2
5664,T2
5665,T2
5666,T2
5667,T1
5668,T2
5669,T1
5670,T2
5671,T1
5672,T2
5673,T1
5674,T2
5675,T2
5676,T2
5677,T1
5678,T1
5679,T2
5680,T2
5681,T2
5682,T1
5683,T2
5684,T1
5685,T1
5686,T2
5687,T1
5688,T2
5689,T1
5690,T1
5691,T1
5692,T2
5693,T1
5694,T1
5695,T2
5696,T1
5697,T2
5698,T2
5699,T2
5700,T2
5701,T1
5702,T2
5703,T1
5704,T1
5705,T1
5706,T1
5707,T1
5708,T2
5709,T1
5710,T2
5711,T1
5712,T2
5713,T2
5714,T2
5715,T1
5716,T2
5717,T2
5718,T1
5719,T1
5720,T2
5721,T2
5722,T1
5723,T2
5724,T2
5725,T2
5726,T2
5727,T1
5728,T2
5729,T2
5730,T2
5731,T2
5732,T2
5733,T1
5734,T1
5735,T2
5736,T2
5737,T2
5738,T2
5739,T1
5740,T1
5741,T2
5742,T1
5743,T1
5744,T2
5745,T1
5746,T1
5747,T2
5748,T2
5749,T2
5750,T1
5751,T1
5752,T1
5753,T2
5754,T1
5755,T1
5756,T1
5757,T1
5758,T1
5759,T1
5760,T2
5761,T1
5762,T1
5763,T2
5764,T2
5765,T1
5766,T1
5767,T2
5768,T1
5769,T2
5770,T2
5771,T1
5772,T2
5773,T1
5774,T2
5775,T2
5776,T2
5777,T2
5778,T2
5779,T1
5780,T1
5781,T1
5782,T2
5783,T1
5784,T1
5785,T2
5786,T2
5787,T1
5788,T1
5789,T2
5790,T2
5791,T1
5792,T2
5793,T2
5794,T2
5795,T1
5796,T2
5797,T2
5798,T1
5799,T1
5800,T1
5801,T1
5802,T2
5803,T1
5804,T1
5805,T1
5806,T1
5807,T1
5808,T1
5809,T2
5810,T1
5811,T1
5812,T1
5813,T2
5814,T2
5815,T1
5816,T1
5817,T1
5818,T2
5819,T1
5820,T1
5821,T1
5822,T1
5823,T2
5824,T2
5825,T1
5826,T1
5827,T2
5828,T1
5829,T1
5830,T1
5831,T1
5832,T2
5833,T2
5834,T1
5835,T1
5836,T2
5837,T2
5838,T1
5839,T2
5840,T2
5841,T1
5842,T2
5843,T1
5844,T2
5845,T2
5846,T1
5847,T1
5848,T1
5849,T2
5850,T1
5851,T2
5852,T2
5853,T1
5854,T1
5855,T2
5856,T2
5857,T2
5858,T2
5859,T1
5860,T2
5861,T1
5862,T1
5863,T1
5864,T2
5865,T1
5866,T1
5867,T2
5868,T2
5869,T1
5870,T1
5871,T2
5872,T2
5873,T2
5874,T1
5875,T1
5876,T2
5877,T2
5878,T2
5879,T2
5880,T2
5881,T1
5882,T1
5883,T2
5884,T2
5885,T1
5886,T2
5887,T1
5888,T1
5889,T1
5890,T1
5891,T1
5892,T2
5893,T1
5894,T1
5895,T2
5896,T1
5897,T1
5898,T2
5899,T1
5900,T1
5901,T1
5902,T2
5903,T1
5904,T2
5905,T2
5906,T2
5907,T2
5908,T1
5909,T2
5910,T2
5911,T2
5912,T1
5913,T2
5914,T2
5915,T2
5916,T2
5917,T1
5918,T1
5919,T2
5920,T1
5921,T2
5922,T2
5923,T2
5924,T2
5925,T2
5926,T2
5927,T1
5928,T2
5929,T1
5930,T2
5931,T1
5932,T2
5933,T1
5934,T2
5935,T2
5936,T2
5937,T2
5938,T2
5939,T2
5940,T2
5941,T1
5942,T2
5943,T1
5944,T2
5945,T1
5946,T1
5947,T1
5948,T2
5949,T2
5950,T2
5951,T1
5952,T2
5953,T2
5954,T1
5955,T2
5956,T2
5957,T1
5958,T1
5959,T1
5960,T2
5961,T1
5962,T1
5963,T2
5964,T2
5965,T2
5966,T2
5967,T2
5968,T1
5969,T2
5970,T1
5971,T2
5972,T1
5973,T1
5974,T2
5975,T2
5976,T2
5977,T2
5978,T1
5979,T2
5980,T1
5981,T1
5982,T1
5983,T1
5984,T2
5985,T2
5986,T2
5987,T2
5988,T2
5989,T2
5990,T2
5991,T2
5992,T1
5993,T2
5994,T1
5995,T2
5996,T1
5997,T2
5998,T1
5999,T1
6000,T1
6001,T1
6002,T1
6003,T1
6004,T2
6005,T1
6006,T1
6007,T1
6008,T2
6009,T2
6010,T2
6011,T2
6012,T2
6013,T2
6014,T1
6015,T2
6016,T2
6017,T1
6018,T1
6019,T1
6020,T1
6021,T2
6022,T1
6023,T1
6024,T2
6025,T1
6026,T2
6027,T2
6028,T1
6029,T2
6030,T2
6031,T1
6032,T1
6033,T2
6034,T2
6035,T1
6036,T1
6037,T1
6038,T2
6039,T1
6040,T2
6041,T2
6042,T2
6043,T1
6044,T2
6045,T2
6046,T2
6047,T1
6048,T2
6049,T1
6050,T1
6051,T1
6052,T2
6053,T1
6054,T2
6055,T1
6056,T2
6057,T1
6058,T1
6059,T2
6060,T2
6061,T1
6062,T2
6063,T1
6064,T2
6065,T1
6066,T1
6067,T1
6068,T2
6069,T1
6070,T2
6071,T2
6072,T2
6073,T2
6074,T2
6075,T2
6076,T2
6077,T2
6078,T1
6079,T2
6080,T2
6081,T2
6082,T2
6083,T2
6084,T1
6085,T1
6086,T1
6087,T2
6088,T1
6089,T1
6090,T1
6091,T2
6092,T2
6093,T1
6094,T2
6095,T1
6096,T2
6097,T2
6098,T2
6099,T2
6100,T2
6101,T2
6102,T2
6103,T2
6104,T1
6105,T2
6106,T2
6107,T2
6108,T1
6109,T1
6110,T2
6111,T1
6112,T2
6113,T2
6114,T2
6115,T1
6116,T1
6117,T2
6118,T1
6119,T1
6120,T2
6121,T2
6122,T1
6123,T1
6124,T1
6125,T1
6126,T2
6127,T2
6128,T2
6129,T1
6130,T1
6131,T2
6132,T2
6133,T1
6134,T1
6135,T2
6136,T1
6137,T1
6138,T1
6139,T2
6140,T2
6141,T2
6142,T1
6143,T1
6144,T2
6145,T2
6146,T1
6147,T1
6148,T2
6149,T1
6150,T1
6151,T1
6152,T2
6153,T1
6154,T2
6155,T2
6156,T2
6157,T1
6158,T2
6159,T2
6160,T2
6161,T2
6162,T2
6163,T1
6164,T2
6165,T2
6166,T2
6167,T2
6168,T2
6169,T1
6170,T2
6171,T2
6172,T1
6173,T2
6174,T2
6175,T2
6176,T1
6177,T1
6178,T2
6179,T1
6180,T2
6181,T2
6182,T2
6183,T1
6184,T2
6185,T1
6186,T1
6187,T2
6188,T1
6189,T2
6190,T2
6191,T2
6192,T2
6193,T1
6194,T2
6195,T2
6196,T1
6197,T2
6198,T2
6199,T1
6200,T2
6201,T2
6202,T2
6203,T1
6204,T1
6205,T1
6206,T1
6207,T1
6208,T1
6209,T2
6210,T1
6211,T1
6212,T2
6213,T1
6214,T2
6215,T1
6216,T1
6217,T1
6218,T1
6219,T1
6220,T1
6221,T2
6222,T1
6223,T2
6224,T1
6225,T2
6226,T2
6227,T1
6228,T1
6229,T2
6230,T2
6231,T1
6232,T2
6233,T1
6234,T2
6235,T2
6236,T2
6237,T2
6238,T2
6239,T1
6240,T2
6241,T2
6242,T2
6243,T1
6244,T2
6245,T2
6246,T1
6247,T2
6248,T2
6249,T1
6250,T1
6251,T1
6252,T2
6253,T2
6254,T1
6255,T2
6256,T2
6257,T1
6258,T2
6259,T2
6260,T2
6261,T2
6262,T1
6263,T1
6264,T2
6265,T2
6266,T1
6267,T2
6268,T2
6269,T2
6270,T2
6271,T1
6272,T2
6273,T2
6274,T2
6275,T1
6276,T2
6277,T1
6278,T2
6279,T2
6280,T2
6281,T2
6282,T2
6283,T1
6284,T1
6285,T1
6286,T2
6287,T2
6288,T1
6289,T2
6290,T2
6291,T2
6292,T2
6293,T2
6294,T2
6295,T1
6296,T2
6297,T2
6298,T2
6299,T1
6300,T2
6301,T2
6302,T2
6303,T1
6304,T1
6305,T1
6306,T2
6307,T2
6308,T2
6309,T1
6310,T1
6311,T2
6312,T1
6313,T2
6314,T1
6315,T1
6316,T1
6317,T2
6318,T1
6319,T2
6320,T2
6321,T1
6322,T2
6323,T1
6324,T1
6325,T1
6326,T1
6327,T1
6328,T2
6329,T2
6330,T1
6331,T2
6332,T1
6333,T2
6334,T1
6335,T1
6336,T1
6337,T2
6338,T2
6339,T1
6340,T1
6341,T2
6342,T1
6343,T1
6344,T1
6345,T2
6346,T2
6347,T1
6348,T2
6349,T2
6350,T1
6351,T1
6352,T2
6353,T2
6354,T1
6355,T1
6356,T2
6357,T1
6358,T1
6359,T1
6360,T1
6361,T1
6362,T2
6363,T2
6364,T1
6365,T1
6366,T2
6367,T1
6368,T1
6369,T2
6370,T1
6371,T1
6372,T2
6373,T2
6374,T2
6375,T1
6376,T2
6377,T2
6378,T2
6379,T1
6380,T2
6381,T2
6382,T2
6383,T1
6384,T2
6385,T1
6386,T1
6387,T1
6388,T2
6389,T2
6390,T2
6391,T2
6392,T2
6393,T2
6394,T2
6395,T1
6396,T1
6397,T1
6398,T2
6399,T2
6400,T2
6401,T2
6402,T1
6403,T2
6404,T1
6405,T1
6406,T2
6407,T1
6408,T1
6409,T2
6410,T1
6411,T1
6412,T2
6413,T1
6414,T2
6415,T2
6416,T2
6417,T1
6418,T1
6419,T2
6420,T2
6421,T1
6422,T1
6423,T1
6424,T1
6425,T2
6426,T2
6427,T1
6428,T2
6429,T1
6430,T1
6431,T1
6432,T2
6433,T1
6434,T1
6435,T1
6436,T1
6437,T1
6438,T1
6439,T2
6440,T2
6441,T1
6442,T2
6443,T2
6444,T1
6445,T2
6446,T1
6447,T2
6448,T2
6449,T1
6450,T2
6451,T1
6452,T2
6453,T2
6454,T2
6455,T2
6456,T1
6457,T2
6458,T1
6459,T1
6460,T1
6461,T1
6462,T1
6463,T2
6464,T2
6465,T2
6466,T2
6467,T1
6468,T2
6469,T2
6470,T1
6471,T2
6472,T2
6473,T2
6474,T1
6475,T1
6476,T1
6477,T2
6478,T2
6479,T1
6480,T1
6481,T1
6482,T1
6483,T2
6484,T2
6485,T1
6486,T2
6487,T2
6488,T2
6489,T2
6490,T2
6491,T1
6492,T1
6493,T1
6494,T1
6495,T1
6496,T1
6497,T1
6498,T2
6499,T1
6500,T2
6501,T1
6502,T2
6503,T2
6504,T1
6505,T2
6506,T1
6507,T1
6508,T1
6509,T2
6510,T1
6511,T2
6512,T2
6513,T2
6514,T2
6515,T2
6516,T1
6517,T1
6518,T2
6519,T1
6520,T2
6521,T2
6522,T1
6523,T1
6524,T2
6525,T2
6526,T1
6527,T1
6528,T2
6529,T2
6530,T2
6531,T1
6532,T1
6533,T1
6534,T1
6535,T2
6536,T2
6537,T2
6538,T1
6539,T2
6540,T1
6541,T2
6542,T1
6543,T1
6544,T2
6545,T1
6546,T2
6547,T2
6548,T2
6549,T2
6550,T1
6551,T2
6552,T1
6553,T2
6554,T2
6555,T1
6556,T2
6557,T2
6558,T1
6559,T1
6560,T1
6561,T2
6562,T1
6563,T1
6564,T2
6565,T1
6566,T1
6567,T1
6568,T1
6569,T1
6570,T2
6571,T1
6572,T1
6573,T2
6574,T1
6575,T2
6576,T2
6577,T2
6578,T2
6579,T2
6580,T1
6581,T1
6582,T2
6583,T1
6584,T1
6585,T1
6586,T2
6587,T1
6588,T1
6589,T2
6590,T1
6591,T1
6592,T1
6593,T2
6594,T2
6595,T1
6596,T2
6597,T1
6598,T2
6599,T1
6600,T1
6601,T2
6602,T1
6603,T1
6604,T1
6605,T1
6606,T1
6607,T1
6608,T1
6609,T1
6610,T1
6611,T2
6612,T2
6613,T1
6614,T1
6615,T2
6616,T1
6617,T2
6618,T2
6619,T1
6620,T2
6621,T1
6622,T1
6623,T2
6624,T2
6625,T2
6626,T1
6627,T2
6628,T1
6629,T2
6630,T2
6631,T1
6632,T1
6633,T1
6634,T2
6635,T2
6636,T1
6637,T2
6638,T2
6639,T1
6640,T1
6641,T1
6642,T2
6643,T2
6644,T2
6645,T1
6646,T1
6647,T2
6648,T2
6649,T2
6650,T1
6651,T2
6652,T2
6653,T1
6654,T1
6655,T1
6656,T1
6657,T2
6658,T2
6659,T1
6660,T1
6661,T2
6662,T1
6663,T1
6664,T2
6665,T1
6666,T1
6667,T1
6668,T1
6669,T2
6670,T1
6671,T2
6672,T1
6673,T2
6674,T2
6675,T2
6676,T1
6677,T1
6678,T1
6679,T2
6680,T2
6681,T1
6682,T2
6683,T1
6684,T1
6685,T2
6686,T2
6687,T1
6688,T1
6689,T1
6690,T2
6691,T2
6692,T2
6693,T1
6694,T2
6695,T1
6696,T2
6697,T2
6698,T1
6699,T2
6700,T2
6701,T1
6702,T1
6703,T1
6704,T2
6705,T1
6706,T2
6707,T1
6708,T1
6709,T1
6710,T1
6711,T2
6712,T2
6713,T2
6714,T2
6715,T2
6716,T1
6717,T2
6718,T1
6719,T2
6720,T2
6721,T1
6722,T2
6723,T2
6724,T2
6725,T2
6726,T1
6727,T2
6728,T1
6729,T2
6730,T2
6731,T2
6732,T2
6733,T2
6734,T2
6735,T1
6736,T2
6737,T2
6738,T1
6739,T2
6740,T1
6741,T1
6742,T1
6743,T1
6744,T2
6745,T2
6746,T2
6747,T2
6748,T1
6749,T2
6750,T2
6751,T2
6752,T2
6753,T2
6754,T2
6755,T2
6756,T2
6757,T1
6758,T1
6759,T1
6760,T1
6761,T2
6762,T2
6763,T1
6764,T1
6765,T1
6766,T2
6767,T1
6768,T1
6769,T2
6770,T1
6771,T2
6772,T2
6773,T1
6774,T1
6775,T1
6776,T2
6777,T2
6778,T1
6779,T1
6780,T1
6781,T1
6782,T1
6783,T2
6784,T2
6785,T2
6786,T2
6787,T2
6788,T1
6789,T2
6790,T2
6791,T1
6792,T2
6793,T1
6794,T1
6795,T2
6796,T1
6797,T1
6798,T2
6799,T1
6800,T1
6801,T1
6802,T1
6803,T1
6804,T2
6805,T2
6806,T2
6807,T1
6808,T2
6809,T2
6810,T1
6811,T1
6812,T2
6813,T2
6814,T2
6815,T2
6816,T2
6817,T2
6818,T2
6819,T2
6820,T1
6821,T1
6822,T2
6823,T1
6824,T2
6825,T1
6826,T2
6827,T2
6828,T1
6829,T2
6830,T2
6831,T2
6832,T1
6833,T1
6834,T1
6835,T2
6836,T2
6837,T1
6838,T1
6839,T1
6840,T1
6841,T2
6842,T2
6843,T1
6844,T1
6845,T1
6846,T2
6847,T2
6848,T2
6849,T1
6850,T1
6851,T2
6852,T2
6853,T1
6854,T1
6855,T1
6856,T1
6857,T2
6858,T1
6859,T1
6860,T1
6861,T1
6862,T1
6863,T2
6864,T2
6865,T1
6866,T2
6867,T2
6868,T1
6869,T2
6870,T1
6871,T2
6872,T2
6873,T2
6874,T2
6875,T1
6876,T1
6877,T2
6878,T2
6879,T1
6880,T1
6881,T2
6882,T1
6883,T2
6884,T2
6885,T1
6886,T1
6887,T2
6888,T1
6889,T2
6890,T1
6891,T2
6892,T1
6893,T1
6894,T1
6895,T2
6896,T2
6897,T1
6898,T2
6899,T2
6900,T1
6901,T1
6902,T1
6903,T1
6904,T1
6905,T2
6906,T1
6907,T2
6908,T2
6909,T2
6910,T1
6911,T2
6912,T1
6913,T1
6914,T2
6915,T2
6916,T1
6917,T2
6918,T2
6919,T2
6920,T2
6921,T1
6922,T2
6923,T2
6924,T2
6925,T1
6926,T2
6927,T1
6928,T1
6929,T2
6930,T2
6931,T1
6932,T1
6933,T1
6934,T2
6935,T1
6936,T2
6937,T2
6938,T1
6939,T2
6940,T1
6941,T2
6942,T2
6943,T2
6944,T2
6945,T2
6946,T2
6947,T1
6948,T1
6949,T2
6950,T1
6951,T2
6952,T1
6953,T2
6954,T1
6955,T1
6956,T1
6957,T2
6958,T2
6959,T2
6960,T1
6961,T1
6962,T2
6963,T2
6964,T1
6965,T2
6966,T2
6967,T2
6968,T1
6969,T2
6970,T2
6971,T2
6972,T2
6973,T1
6974,T1
6975,T2
6976,T1
6977,T2
6978,T2
6979,T2
6980,T2
6981,T2
6982,T2
6983,T2
6984,T1
6985,T2
6986,T1
6987,T1
6988,T2
6989,T2
6990,T1
6991,T2
6992,T1
6993,T2
6994,T2
6995,T2
6996,T1
6997,T2
6998,T2
6999,T2
7000,T2
7001,T2
7002,T2
7003,T2
7004,T2
7005,T1
7006,T1
7007,T1
7008,T2
7009,T1
7010,T1
7011,T1
7012,T2
7013,T2
7014,T1
7015,T2
7016,T2
7017,T2
7018,T1
7019,T2
7020,T2
7021,T2
7022,T1
7023,T2
7024,T1
7025,T2
7026,T2
7027,T1
7028,T1
7029,T2
7030,T2
7031,T1
7032,T1
7033,T1
7034,T1
7035,T2
7036,T2
7037,T2
7038,T1
7039,T1
7040,T1
7041,T2
7042,T2
7043,T2
7044,T2
7045,T1
7046,T1
7047,T1
7048,T1
7049,T1
7050,T2
7051,T2
7052,T2
7053,T2
7054,T2
7055,T1
7056,T1
7057,T2
7058,T2
7059,T2
7060,T2
7061,T1
7062,T2
7063,T1
7064,T2
7065,T2
7066,T2
7067,T2
7068,T1
7069,T1
7070,T2
7071,T1
7072,T2
7073,T2
7074,T1
7075,T1
7076,T2
7077,T1
7078,T2
7079,T1
7080,T2
7081,T1
7082,T1
7083,T1
7084,T1
7085,T1
7086,T2
7087,T1
7088,T1
7089,T2
7090,T2
7091,T2
7092,T1
7093,T1
7094,T2
7095,T2
7096,T1
7097,T2
7098,T2
7099,T1
7100,T2
7101,T2
7102,T2
7103,T2
7104,T2
7105,T2
7106,T2
7107,T1
7108,T2
7109,T1
7110,T2
7111,T1
7112,T1
7113,T1
7114,T1
7115,T2
7116,T2
7117,T2
7118,T2
7119,T2
7120,T1
7121,T2
7122,T2
7123,T2
7124,T2
7125,T1
7126,T2
7127,T2
7128,T1
7129,T1
7130,T2
7131,T2
7132,T2
7133,T2
7134,T1
7135,T1
7136,T1
7137,T2
7138,T2
7139,T2
7140,T2
7141,T1
7142,T2
7143,T1
7144,T2
7145,T2
7146,T1
7147,T2
7148,T2
7149,T1
7150,T2
7151,T1
7152,T2
7153,T2
7154,T2
7155,T2
7156,T1
7157,T1
7158,T1
7159,T1
7160,T1
7161,T2
7162,T2
7163,T2
7164,T1
7165,T2
7166,T2
7167,T2
7168,T1
7169,T1
7170,T2
7171,T1
7172,T2
7173,T1
7174,T2
7175,T1
7176,T2
7177,T2
7178,T2
7179,T2
7180,T2
7181,T2
7182,T1
7183,T2
7184,T1
7185,T1
7186,T2
7187,T1
7188,T2
7189,T2
7190,T2
7191,T1
7192,T1
7193,T2
7194,T2
7195,T1
7196,T1
7197,T2
7198,T2
7199,T1
7200,T1
7201,T2
7202,T1
7203,T2
7204,T1
7205,T2
7206,T1
7207,T1
7208,T1
7209,T1
7210,T2
7211,T1
7212,T1
7213,T2
7214,T2
7215,T1
7216,T2
7217,T2
7218,T2
7219,T1
7220,T1
7221,T1
7222,T2
7223,T1
7224,T2
7225,T2
7226,T1
7227,T1
7228,T2
7229,T2
7230,T1
7231,T1
7232,T1
7233,T1
7234,T2
7235,T1
7236,T2
7237,T2
7238,T2
7239,T2
7240,T2
7241,T1
7242,T2
7243,T2
7244,T1
7245,T2
7246,T2
7247,T2
7248,T2
7249,T1
7250,T1
7251,T1
7252,T1
7253,T2
7254,T1
7255,T1
7256,T1
7257,T1
7258,T1
7259,T2
7260,T2
7261,T1
7262,T1
7263,T1
7264,T2
7265,T2
7266,T2
7267,T2
7268,T2
7269,T1
7270,T1
7271,T2
7272,T1
7273,T2
7274,T1
7275,T1
7276,T2
7277,T2
7278,T1
7279,T1
7280,T1
7281,T1
7282,T2
7283,T1
7284,T2
7285,T2
7286,T1
7287,T1
7288,T1
7289,T2
7290,T1
7291,T2
7292,T2
7293,T2
7294,T1
7295,T2
7296,T2
7297,T1
7298,T2
7299,T1
7300,T2
7301,T2
7302,T1
7303,T1
7304,T2
7305,T1
7306,T2
7307,T1
7308,T2
7309,T1
7310,T2
7311,T2
7312,T1
7313,T1
7314,T2
7315,T2
7316,T1
7317,T1
7318,T2
7319,T2
7320,T2
7321,T2
7322,T2
7323,T2
7324,T1
7325,T1
7326,T1
7327,T1
7328,T2
7329,T1
7330,T1
7331,T1
7332,T1
7333,T1
7334,T2
7335,T2
7336,T2
7337,T2
7338,T1
7339,T1
7340,T2
7341,T1
7342,T1
7343,T2
7344,T1
7345,T2
7346,T1
7347,T2
7348,T1
7349,T1
7350,T2
7351,T2
7352,T2
7353,T2
7354,T2
7355,T2
7356,T1
7357,T2
7358,T1
7359,T1
7360,T2
7361,T1
7362,T1
7363,T2
7364,T2
7365,T2
7366,T1
7367,T1
7368,T1
7369,T2
7370,T1
7371,T2
7372,T1
7373,T1
7374,T2
7375,T1
7376,T1
7377,T1
7378,T1
7379,T1
7380,T2
7381,T1
7382,T1
7383,T1
7384,T2
7385,T1
7386,T1
7387,T2
7388,T2
7389,T2
7390,T1
7391,T2
7392,T1
7393,T1
7394,T2
7395,T1
7396,T2
7397,T2
7398,T2
7399,T2
7400,T1
7401,T1
7402,T2
7403,T1
7404,T1
7405,T1
7406,T1
7407,T1
7408,T1
7409,T2
7410,T1
7411,T2
7412,T2
7413,T2
7414,T1
7415,T1
7416,T1
7417,T1
7418,T2
7419,T1
7420,T2
7421,T2
7422,T1
7423,T2
7424,T2
7425,T1
7426,T1
7427,T2
7428,T1
7429,T2
7430,T2
7431,T2
7432,T2
7433,T2
7434,T1
7435,T1
7436,T2
7437,T2
7438,T2
7439,T1
7440,T2
7441,T2
7442,T2
7443,T1
7444,T2
7445,T1
7446,T1
7447,T1
7448,T2
7449,T2
7450,T1
7451,T1
7452,T1
7453,T2
7454,T2
7455,T2
7456,T2
7457,T1
7458,T1
7459,T1
7460,T1
7461,T1
7462,T2
7463,T2
7464,T2
7465,T1
7466,T1
7467,T1
7468,T2
7469,T2
7470,T2
7471,T1
7472,T1
7473,T2
7474,T1
7475,T2
7476,T2
7477,T1
7478,T1
7479,T2
7480,T2
7481,T1
7482,T1
7483,T1
7484,T2
7485,T1
7486,T1
7487,T2
7488,T2
7489,T1
7490,T1
7491,T1
7492,T2
7493,T1
7494,T1
7495,T2
7496,T2
7497,T2
7498,T2
7499,T1
7500,T1
7501,T1
7502,T1
7503,T2
7504,T2
7505,T1
7506,T2
7507,T2
7508,T2
7509,T2
7510,T2
7511,T2
7512,T1
7513,T1
7514,T1
7515,T2
7516,T2
7517,T2
7518,T1
7519,T2
7520,T2
7521,T2
7522,T2
7523,T1
7524,T2
7525,T2
7526,T1
7527,T1
7528,T1
7529,T1
7530,T1
7531,T2
7532,T2
7533,T1
7534,T2
7535,T1
7536,T1
7537,T2
7538,T1
7539,T2
7540,T2
7541,T1
7542,T1
7543,T1
7544,T1
7545,T1
7546,T1
7547,T2
7548,T1
7549,T2
7550,T2
7551,T1
7552,T1
7553,T2
7554,T1
7555,T2
7556,T2
7557,T2
7558,T2
7559,T2
7560,T1
7561,T1
7562,T1
7563,T2
7564,T2
7565,T2
7566,T2
7567,T2
7568,T1
7569,T1
7570,T1
7571,T2
7572,T1
7573,T2
7574,T1
7575,T1
7576,T1
7577,T1
7578,T2
7579,T1
7580,T1
7581,T2
7582,T2
7583,T2
7584,T2
7585,T2
7586,T2
7587,T2
7588,T2
7589,T1
7590,T2
7591,T1
7592,T1
7593,T2
7594,T2
7595,T1
7596,T2
7597,T1
7598,T1
7599,T1
7600,T1
7601,T2
7602,T1
7603,T2
7604,T2
7605,T2
7606,T1
7607,T2
7608,T2
7609,T1
7610,T2
7611,T1
7612,T2
7613,T1
7614,T2
7615,T2
7616,T2
7617,T1
7618,T1
7619,T1
7620,T1
7621,T1
7622,T1
7623,T1
7624,T2
7625,T1
7626,T1
7627,T2
7628,T2
7629,T2
7630,T1
7631,T1
7632,T2
7633,T1
7634,T2
7635,T2
7636,T2
7637,T2
7638,T2
7639,T2
7640,T1
7641,T2
7642,T1
7643,T1
7644,T2
7645,T2
7646,T2
7647,T1
7648,T1
7649,T2
7650,T2
7651,T1
7652,T2
7653,T2
7654,T2
7655,T2
7656,T2
7657,T1
7658,T2
7659,T2
7660,T1
7661,T2
7662,T1
7663,T2
7664,T2
7665,T2
7666,T1
7667,T2
7668,T2
7669,T2
7670,T2
7671,T1
7672,T1
7673,T1
7674,T2
7675,T1
7676,T2
7677,T2
7678,T1
7679,T2
7680,T2
7681,T2
7682,T2
7683,T2
7684,T1
7685,T1
7686,T1
